Season,Venue,Date,Place,Name,Round1,Round2,Round3,Total,ToPar
2022,London,2022-06-09,1,Charl Schwartzel,65,66.0,72.0,203.0,-7.0
2022,London,2022-06-09,2,Hennie du Plessis,66,68.0,70.0,204.0,-6.0
2022,London,2022-06-09,T3,Branden Grace,68,72.0,65.0,205.0,-5.0
2022,London,2022-06-09,T3,Peter Uihlein,70,66.0,69.0,205.0,-5.0
2022,London,2022-06-09,5,Sam Horsfield,69,70.0,68.0,207.0,-3.0
2022,London,2022-06-09,T6,Adrian Otaegui,70,70.0,68.0,208.0,-2.0
2022,London,2022-06-09,T6,Oliver Bekker,70,67.0,71.0,208.0,-2.0
2022,London,2022-06-09,8,Dustin Johnson,69,70.0,70.0,209.0,-1.0
2022,London,2022-06-09,9,Talor Gooch,71,70.0,69.0,210.0,0.0
2022,London,2022-06-09,T10,Graeme McDowell,74,71.0,66.0,211.0,1.0
2022,London,2022-06-09,T10,Justin Harding,68,74.0,69.0,211.0,1.0
2022,London,2022-06-09,T10,Louis Oosthuizen,72,69.0,70.0,211.0,1.0
2022,London,2022-06-09,T13,Pablo Larrazabal,72,69.0,71.0,212.0,2.0
2022,London,2022-06-09,T13,Ryosuke Kinoshita,73,67.0,72.0,212.0,2.0
2022,London,2022-06-09,T15,Martin Kaymer,74,70.0,69.0,213.0,3.0
2022,London,2022-06-09,T15,Jinichiro Kozuma,73,70.0,70.0,213.0,3.0
2022,London,2022-06-09,T17,Richard Bland,73,74.0,67.0,214.0,4.0
2022,London,2022-06-09,T17,Laurie Canter,69,74.0,71.0,214.0,4.0
2022,London,2022-06-09,T17,J.C. Ritchie,73,70.0,71.0,214.0,4.0
2022,London,2022-06-09,T20,Ian Poulter,75,66.0,74.0,215.0,5.0
2022,London,2022-06-09,T20,Scott Vincent,67,72.0,76.0,215.0,5.0
2022,London,2022-06-09,T22,Shaun Norris,73,72.0,71.0,216.0,6.0
2022,London,2022-06-09,T22,Wade Ormsby,71,72.0,73.0,216.0,6.0
2022,London,2022-06-09,T22,Sergio Garcia,71,70.0,75.0,216.0,6.0
2022,London,2022-06-09,T25,Matt Jones,74,70.0,73.0,217.0,7.0
2022,London,2022-06-09,T25,James Piot,71,73.0,73.0,217.0,7.0
2022,London,2022-06-09,T25,Ian Snyman,71,71.0,75.0,217.0,7.0
2022,London,2022-06-09,T25,Phachara Khongwatmai,67,72.0,78.0,217.0,7.0
2022,London,2022-06-09,29,Lee Westwood,75,71.0,72.0,218.0,8.0
2022,London,2022-06-09,T30,Hudson Swafford,77,73.0,69.0,219.0,9.0
2022,London,2022-06-09,T30,Viraj Madappa,71,74.0,74.0,219.0,9.0
2022,London,2022-06-09,T30,Jediah Morgan,73,70.0,76.0,219.0,9.0
2022,London,2022-06-09,T33,Kevin Yuan,73,72.0,75.0,220.0,10.0
2022,London,2022-06-09,T33,Phil Mickelson,69,75.0,76.0,220.0,10.0
2022,London,2022-06-09,T33,Kevin Na,73,71.0,76.0,220.0,10.0
2022,London,2022-06-09,T33,Travis Smyth,75,69.0,76.0,220.0,10.0
2022,London,2022-06-09,T33,Chase Koepka,70,72.0,78.0,220.0,10.0
2022,London,2022-06-09,T38,Blake Windred,78,72.0,71.0,221.0,11.0
2022,London,2022-06-09,T38,Oliver Fisher,73,76.0,72.0,221.0,11.0
2022,London,2022-06-09,T38,David Puig,74,74.0,73.0,221.0,11.0
2022,London,2022-06-09,T38,Hideto Tanihara,70,77.0,74.0,221.0,11.0
2022,London,2022-06-09,T38,Ratchanon Chantananuwat,73,70.0,78.0,221.0,11.0
2022,London,2022-06-09,43,Sihwan Kim,78,69.0,76.0,223.0,13.0
2022,London,2022-06-09,44,Bernd Wiesberger,77,72.0,75.0,224.0,14.0
2022,London,2022-06-09,45,Turk Pettit,75,80.0,70.0,225.0,15.0
2022,London,2022-06-09,46,Sadom Kaewkanjana,76,79.0,72.0,227.0,17.0
2022,London,2022-06-09,47,Itthipat Buranatanyarat,76,82.0,75.0,233.0,23.0
2022,London,2022-06-09,48,Andy Ogletree,82,77.0,75.0,234.0,24.0
2022,Portland,2022-06-30,1,Branden Grace,69,69.0,65.0,203.0,-13.0
2022,Portland,2022-06-30,2,Carlos Ortiz,67,69.0,69.0,205.0,-11.0
2022,Portland,2022-06-30,T3,Dustin Johnson,68,68.0,71.0,207.0,-9.0
2022,Portland,2022-06-30,T3,Patrick Reed,72,68.0,67.0,207.0,-9.0
2022,Portland,2022-06-30,5,Louis Oosthuizen,71,69.0,69.0,209.0,-7.0
2022,Portland,2022-06-30,6,Jinichiro Kozuma,71,69.0,70.0,210.0,-6.0
2022,Portland,2022-06-30,7,Talor Gooch,72,70.0,70.0,212.0,-4.0
2022,Portland,2022-06-30,T8,Justin Harding,72,67.0,74.0,213.0,-3.0
2022,Portland,2022-06-30,T8,Matthew Wolff,72,71.0,70.0,213.0,-3.0
2022,Portland,2022-06-30,10,Bryson DeChambeau,72,69.0,73.0,214.0,-2.0
2022,Portland,2022-06-30,T11,Abraham Ancer,73,71.0,71.0,215.0,-1.0
2022,Portland,2022-06-30,T11,Sam Horsfield,73,68.0,74.0,215.0,-1.0
2022,Portland,2022-06-30,T11,Yuki Inamori,71,73.0,71.0,215.0,-1.0
2022,Portland,2022-06-30,T11,Sihwan Kim,72,68.0,75.0,215.0,-1.0
2022,Portland,2022-06-30,T11,Kevin Na,75,68.0,72.0,215.0,-1.0
2022,Portland,2022-06-30,T16,Matt Jones,72,72.0,72.0,216.0,0.0
2022,Portland,2022-06-30,T16,Martin Kaymer,71,72.0,73.0,216.0,0.0
2022,Portland,2022-06-30,T16,Brooks Koepka,70,70.0,76.0,216.0,0.0
2022,Portland,2022-06-30,T16,Hideto Tanihara,69,75.0,72.0,216.0,0.0
2022,Portland,2022-06-30,T16,Lee Westwood,76,71.0,69.0,216.0,0.0
2022,Portland,2022-06-30,21,Adrian Otaegui,74,72.0,71.0,217.0,1.0
2022,Portland,2022-06-30,22,James Piot,73,76.0,69.0,218.0,2.0
2022,Portland,2022-06-30,T23,Ryosuke Kinoshita,75,71.0,73.0,219.0,3.0
2022,Portland,2022-06-30,T23,Chase Koepka,73,74.0,72.0,219.0,3.0
2022,Portland,2022-06-30,T23,Scott Vincent,71,74.0,74.0,219.0,3.0
2022,Portland,2022-06-30,26,Sergio Garcia,75,71.0,74.0,220.0,4.0
2022,Portland,2022-06-30,T27,Richard Bland,74,74.0,73.0,221.0,5.0
2022,Portland,2022-06-30,T27,Eugenio Lopez-Chacarra,76,73.0,72.0,221.0,5.0
2022,Portland,2022-06-30,T29,Hennie du Plessis,70,75.0,77.0,222.0,6.0
2022,Portland,2022-06-30,T29,Phachara Khongwatmai,77,75.0,70.0,222.0,6.0
2022,Portland,2022-06-30,T29,Pat Perez,69,73.0,80.0,222.0,6.0
2022,Portland,2022-06-30,T29,Travis Smyth,77,71.0,74.0,222.0,6.0
2022,Portland,2022-06-30,T29,Ian Snyman,76,75.0,71.0,222.0,6.0
2022,Portland,2022-06-30,T29,Hudson Swafford,74,77.0,71.0,222.0,6.0
2022,Portland,2022-06-30,T35,Graeme McDowell,79,71.0,73.0,223.0,7.0
2022,Portland,2022-06-30,T35,Wade Ormsby,70,76.0,77.0,223.0,7.0
2022,Portland,2022-06-30,T37,Laurie Canter,75,74.0,75.0,224.0,8.0
2022,Portland,2022-06-30,T37,Charl Schwartzel,74,73.0,77.0,224.0,8.0
2022,Portland,2022-06-30,T37,Bernd Wiesberger,77,74.0,73.0,224.0,8.0
2022,Portland,2022-06-30,T40,Sadom Kaewkanjana,82,70.0,74.0,226.0,10.0
2022,Portland,2022-06-30,T40,Phil Mickelson,75,75.0,76.0,226.0,10.0
2022,Portland,2022-06-30,T40,Ian Poulter,75,77.0,74.0,226.0,10.0
2022,Portland,2022-06-30,T40,Peter Uihlein,74,74.0,78.0,226.0,10.0
2022,Portland,2022-06-30,T44,Itthipat Buranatanyarat,79,74.0,74.0,227.0,11.0
2022,Portland,2022-06-30,T44,Blake Windred,79,74.0,74.0,227.0,11.0
2022,Portland,2022-06-30,46,Turk Pettit,78,76.0,78.0,232.0,16.0
2022,Portland,2022-06-30,47,Shaun Norris,75,79.0,79.0,233.0,17.0
2022,Portland,2022-06-30,48,Jediah Morgan,76,84.0,77.0,237.0,21.0
2022,Bedminster,2022-07-29,1,Henrik Stenson,64,69.0,69.0,202.0,-11.0
2022,Bedminster,2022-07-29,T2,Dustin Johnson,67,69.0,68.0,204.0,-9.0
2022,Bedminster,2022-07-29,T2,Matthew Wolff,70,70.0,64.0,204.0,-9.0
2022,Bedminster,2022-07-29,4,Carlos Ortiz,67,70.0,68.0,205.0,-8.0
2022,Bedminster,2022-07-29,5,Patrick Reed,64,73.0,69.0,206.0,-7.0
2022,Bedminster,2022-07-29,T6,Paul Casey,72,71.0,66.0,209.0,-4.0
2022,Bedminster,2022-07-29,T6,Sergio Garcia,70,70.0,69.0,209.0,-4.0
2022,Bedminster,2022-07-29,T6,Talor Gooch,73,64.0,72.0,209.0,-4.0
2022,Bedminster,2022-07-29,T6,Turk Pettit,71,67.0,71.0,209.0,-4.0
2022,Bedminster,2022-07-29,T6,Lee Westwood,69,69.0,71.0,209.0,-4.0
2022,Bedminster,2022-07-29,T11,Martin Kaymer,68,71.0,71.0,210.0,-3.0
2022,Bedminster,2022-07-29,T11,Brooks Koepka,68,76.0,66.0,210.0,-3.0
2022,Bedminster,2022-07-29,T13,Branden Grace,70,73.0,68.0,211.0,-2.0
2022,Bedminster,2022-07-29,T13,Phachara Khongwatmai,66,72.0,73.0,211.0,-2.0
2022,Bedminster,2022-07-29,T13,Ian Poulter,68,72.0,71.0,211.0,-2.0
2022,Bedminster,2022-07-29,16,Sam Horsfield,70,72.0,70.0,212.0,-1.0
2022,Bedminster,2022-07-29,T17,Chase Koepka,69,73.0,71.0,213.0,0.0
2022,Bedminster,2022-07-29,T17,Charl Schwartzel,70,69.0,74.0,213.0,0.0
2022,Bedminster,2022-07-29,T19,Justin Harding,70,74.0,70.0,214.0,1.0
2022,Bedminster,2022-07-29,T19,Matt Jones,72,73.0,69.0,214.0,1.0
2022,Bedminster,2022-07-29,T19,Louis Oosthuizen,73,71.0,70.0,214.0,1.0
2022,Bedminster,2022-07-29,22,Travis Smyth,69,73.0,73.0,215.0,2.0
2022,Bedminster,2022-07-29,T23,Eugenio Lopez-Chacarra,73,72.0,71.0,216.0,3.0
2022,Bedminster,2022-07-29,T23,Shaun Norris,72,74.0,70.0,216.0,3.0
2022,Bedminster,2022-07-29,T23,Peter Uihlein,70,74.0,72.0,216.0,3.0
2022,Bedminster,2022-07-29,T26,Laurie Canter,75,72.0,70.0,217.0,4.0
2022,Bedminster,2022-07-29,T26,Charles Howell III,68,76.0,73.0,217.0,4.0
2022,Bedminster,2022-07-29,T26,Jason Kokrak,69,75.0,73.0,217.0,4.0
2022,Bedminster,2022-07-29,T26,Jinichiro Kozuma,69,75.0,73.0,217.0,4.0
2022,Bedminster,2022-07-29,T26,James Piot,73,73.0,71.0,217.0,4.0
2022,Bedminster,2022-07-29,T31,Bryson DeChambeau,71,74.0,73.0,218.0,5.0
2022,Bedminster,2022-07-29,T31,Pat Perez,70,77.0,71.0,218.0,5.0
2022,Bedminster,2022-07-29,T31,Hudson Swafford,72,76.0,70.0,218.0,5.0
2022,Bedminster,2022-07-29,T31,Bernd Wiesberger,71,74.0,73.0,218.0,5.0
2022,Bedminster,2022-07-29,35,Phil Mickelson,75,73.0,71.0,219.0,6.0
2022,Bedminster,2022-07-29,T36,Sadom Kaewkanjana,76,71.0,73.0,220.0,7.0
2022,Bedminster,2022-07-29,T36,Ryosuke Kinoshita,71,76.0,73.0,220.0,7.0
2022,Bedminster,2022-07-29,T36,Graeme McDowell,73,74.0,73.0,220.0,7.0
2022,Bedminster,2022-07-29,T36,Kevin Na,71,74.0,75.0,220.0,7.0
2022,Bedminster,2022-07-29,T40,Abraham Ancer,71,78.0,72.0,221.0,8.0
2022,Bedminster,2022-07-29,T40,Richard Bland,72,76.0,73.0,221.0,8.0
2022,Bedminster,2022-07-29,T42,David Puig,73,71.0,78.0,222.0,9.0
2022,Bedminster,2022-07-29,T42,Scott Vincent,70,74.0,78.0,222.0,9.0
2022,Bedminster,2022-07-29,T44,Hennie du Plessis,76,76.0,71.0,223.0,10.0
2022,Bedminster,2022-07-29,T44,Yuki Inamori,70,78.0,75.0,223.0,10.0
2022,Bedminster,2022-07-29,46,Wade Ormsby,73,76.0,75.0,224.0,11.0
2022,Bedminster,2022-07-29,47,Hideto Tanihara,75,79.0,71.0,225.0,12.0
2022,Bedminster,2022-07-29,48,Jediah Morgan,77,74.0,78.0,229.0,16.0
2022,Boston,2022-09-02,1,Dustin Johnson,67,63.0,65.0,195.0,-15.0
2022,Boston,2022-09-02,T2,Anirban Lahiri,66,65.0,64.0,195.0,-15.0
2022,Boston,2022-09-02,T2,Joaquin Niemann,64,65.0,66.0,195.0,-15.0
2022,Boston,2022-09-02,T4,Cameron Smith,64,69.0,63.0,196.0,-14.0
2022,Boston,2022-09-02,T4,Lee Westwood,67,67.0,62.0,196.0,-14.0
2022,Boston,2022-09-02,6,Talor Gooch,63,65.0,69.0,197.0,-13.0
2022,Boston,2022-09-02,7,Jason Kokrak,67,65.0,66.0,198.0,-12.0
2022,Boston,2022-09-02,8,Abraham Ancer,69,65.0,65.0,199.0,-11.0
2022,Boston,2022-09-02,T9,Sergio Garcia,70,64.0,66.0,200.0,-10.0
2022,Boston,2022-09-02,T9,Kevin Na,66,67.0,67.0,200.0,-10.0
2022,Boston,2022-09-02,T9,Louis Oosthuizen,66,67.0,67.0,200.0,-10.0
2022,Boston,2022-09-02,12,Branden Grace,67,66.0,68.0,201.0,-9.0
2022,Boston,2022-09-02,T13,Sadom Kaewkanjana,67,66.0,69.0,202.0,-8.0
2022,Boston,2022-09-02,T13,Matthew Wolff,63,69.0,70.0,202.0,-8.0
2022,Boston,2022-09-02,T15,Charles Howell III,67,70.0,66.0,203.0,-7.0
2022,Boston,2022-09-02,T15,Pat Perez,67,66.0,70.0,203.0,-7.0
2022,Boston,2022-09-02,T15,Bernd Wiesberger,66,66.0,71.0,203.0,-7.0
2022,Boston,2022-09-02,T18,Richard Bland,68,70.0,66.0,204.0,-6.0
2022,Boston,2022-09-02,T18,Bryson DeChambeau,69,69.0,66.0,204.0,-6.0
2022,Boston,2022-09-02,T18,Ian Poulter,69,67.0,68.0,204.0,-6.0
2022,Boston,2022-09-02,T21,Laurie Canter,69,71.0,65.0,205.0,-5.0
2022,Boston,2022-09-02,T21,Paul Casey,66,75.0,64.0,205.0,-5.0
2022,Boston,2022-09-02,T21,Martin Kaymer,68,67.0,70.0,205.0,-5.0
2022,Boston,2022-09-02,T21,Cameron Tringale,71,66.0,68.0,205.0,-5.0
2022,Boston,2022-09-02,T21,Scott Vincent,70,66.0,69.0,205.0,-5.0
2022,Boston,2022-09-02,T26,Matt Jones,69,67.0,70.0,206.0,-4.0
2022,Boston,2022-09-02,T26,Brooks Koepka,70,67.0,69.0,206.0,-4.0
2022,Boston,2022-09-02,T26,Marc Leishman,70,64.0,72.0,206.0,-4.0
2022,Boston,2022-09-02,T26,Jediah Morgan,71,70.0,65.0,206.0,-4.0
2022,Boston,2022-09-02,T26,Carlos Ortiz,69,67.0,70.0,206.0,-4.0
2022,Boston,2022-09-02,T31,Phachara Khongwatmai,72,69.0,66.0,207.0,-3.0
2022,Boston,2022-09-02,T31,Chase Koepka,70,71.0,66.0,207.0,-3.0
2022,Boston,2022-09-02,T31,Patrick Reed,69,72.0,66.0,207.0,-3.0
2022,Boston,2022-09-02,T31,Harold Varner III,67,70.0,70.0,207.0,-3.0
2022,Boston,2022-09-02,T35,Shergo Al Kurdi,71,71.0,66.0,208.0,-2.0
2022,Boston,2022-09-02,T35,Eugenio Lopez-Chacarra,68,68.0,72.0,208.0,-2.0
2022,Boston,2022-09-02,T35,Charl Schwartzel,68,69.0,71.0,208.0,-2.0
2022,Boston,2022-09-02,38,Sam Horsfield,72,72.0,65.0,209.0,-1.0
2022,Boston,2022-09-02,39,Graeme McDowell,68,70.0,72.0,210.0,0.0
2022,Boston,2022-09-02,T40,Phil Mickelson,74,69.0,69.0,212.0,2.0
2022,Boston,2022-09-02,T40,Shaun Norris,70,70.0,72.0,212.0,2.0
2022,Boston,2022-09-02,T40,Hudson Swafford,69,72.0,71.0,212.0,2.0
2022,Boston,2022-09-02,43,Wade Ormsby,73,71.0,70.0,214.0,4.0
2022,Boston,2022-09-02,T44,Adrian Otaegui,75,70.0,70.0,215.0,5.0
2022,Boston,2022-09-02,T44,Peter Uihlein,71,75.0,69.0,215.0,5.0
2022,Boston,2022-09-02,46,Turk Pettit,71,73.0,72.0,216.0,6.0
2022,Boston,2022-09-02,47,James Piot,77,69.0,77.0,223.0,13.0
2022,Boston,2022-09-02,48,Sihwan Kim,87,63.0,76.0,226.0,16.0
2022,Chicago,2022-09-16,1,Cameron Smith,66,68.0,69.0,203.0,-13.0
2022,Chicago,2022-09-16,T2,Dustin Johnson,63,73.0,70.0,206.0,-10.0
2022,Chicago,2022-09-16,T2,Peter Uihlein,71,66.0,69.0,206.0,-10.0
2022,Chicago,2022-09-16,T4,Sergio Garcia,72,69.0,67.0,208.0,-8.0
2022,Chicago,2022-09-16,T4,Joaquin Niemann,71,69.0,68.0,208.0,-8.0
2022,Chicago,2022-09-16,T6,Louis Oosthuizen,69,71.0,69.0,209.0,-7.0
2022,Chicago,2022-09-16,T6,Charl Schwartzel,69,69.0,71.0,209.0,-7.0
2022,Chicago,2022-09-16,T8,Laurie Canter,70,68.0,72.0,210.0,-6.0
2022,Chicago,2022-09-16,T8,Bryson DeChambeau,69,70.0,71.0,210.0,-6.0
2022,Chicago,2022-09-16,T8,Chase Koepka,73,70.0,67.0,210.0,-6.0
2022,Chicago,2022-09-16,T8,Phil Mickelson,70,74.0,66.0,210.0,-6.0
2022,Chicago,2022-09-16,T12,Patrick Reed,74,69.0,68.0,211.0,-5.0
2022,Chicago,2022-09-16,T12,Cameron Tringale,71,72.0,68.0,211.0,-5.0
2022,Chicago,2022-09-16,T12,Scott Vincent,70,71.0,70.0,211.0,-5.0
2022,Chicago,2022-09-16,T12,Lee Westwood,68,71.0,72.0,211.0,-5.0
2022,Chicago,2022-09-16,T16,Matt Jones,68,72.0,72.0,212.0,-4.0
2022,Chicago,2022-09-16,T16,Matthew Wolff,67,73.0,72.0,212.0,-4.0
2022,Chicago,2022-09-16,T18,Richard Bland,72,70.0,71.0,213.0,-3.0
2022,Chicago,2022-09-16,T18,Branden Grace,70,72.0,71.0,213.0,-3.0
2022,Chicago,2022-09-16,T18,Charles Howell III,68,71.0,74.0,213.0,-3.0
2022,Chicago,2022-09-16,T21,Abraham Ancer,73,71.0,70.0,214.0,-2.0
2022,Chicago,2022-09-16,T21,Paul Casey,73,72.0,69.0,214.0,-2.0
2022,Chicago,2022-09-16,T21,Brooks Koepka,70,74.0,70.0,214.0,-2.0
2022,Chicago,2022-09-16,T21,Jason Kokrak,75,68.0,71.0,214.0,-2.0
2022,Chicago,2022-09-16,T21,Anirban Lahiri,72,71.0,71.0,214.0,-2.0
2022,Chicago,2022-09-16,T21,Eugenio Lopez-Chacarra,71,72.0,71.0,214.0,-2.0
2022,Chicago,2022-09-16,T21,Ian Poulter,71,70.0,73.0,214.0,-2.0
2022,Chicago,2022-09-16,T21,Henrik Stenson,68,73.0,73.0,214.0,-2.0
2022,Chicago,2022-09-16,T21,Harold Varner III,70,72.0,72.0,214.0,-2.0
2022,Chicago,2022-09-16,30,James Piot,73,70.0,72.0,215.0,-1.0
2022,Chicago,2022-09-16,T31,Phachara Khongwatmai,72,72.0,72.0,216.0,0.0
2022,Chicago,2022-09-16,T31,Carlos Ortiz,70,72.0,74.0,216.0,0.0
2022,Chicago,2022-09-16,T31,Pat Perez,76,71.0,69.0,216.0,0.0
2022,Chicago,2022-09-16,34,Kevin Na,74,73.0,70.0,217.0,1.0
2022,Chicago,2022-09-16,T35,Talor Gooch,70,76.0,73.0,219.0,3.0
2022,Chicago,2022-09-16,T35,Bernd Wiesberger,74,72.0,73.0,219.0,3.0
2022,Chicago,2022-09-16,T37,Sadom Kaewkanjana,70,76.0,74.0,220.0,4.0
2022,Chicago,2022-09-16,T37,Martin Kaymer,73,72.0,75.0,220.0,4.0
2022,Chicago,2022-09-16,T37,Graeme McDowell,71,75.0,74.0,220.0,4.0
2022,Chicago,2022-09-16,T37,Jediah Morgan,76,73.0,71.0,220.0,4.0
2022,Chicago,2022-09-16,T37,Wade Ormsby,72,76.0,72.0,220.0,4.0
2022,Chicago,2022-09-16,T37,David Puig,73,75.0,72.0,220.0,4.0
2022,Chicago,2022-09-16,43,Sam Horsfield,70,74.0,77.0,221.0,5.0
2022,Chicago,2022-09-16,T44,Marc Leishman,71,73.0,78.0,222.0,6.0
2022,Chicago,2022-09-16,T44,Turk Pettit,74,74.0,74.0,222.0,6.0
2022,Chicago,2022-09-16,T44,Hudson Swafford,73,74.0,75.0,222.0,6.0
2022,Chicago,2022-09-16,T47,Sihwan Kim,72,76.0,75.0,223.0,7.0
2022,Chicago,2022-09-16,T47,Shaun Norris,79,70.0,74.0,223.0,7.0
2022,Bangkok,2022-10-06,1,Eugenio Lopez-Chacarra,65,63.0,69.0,197.0,-19.0
2022,Bangkok,2022-10-06,2,Patrick Reed,68,65.0,67.0,200.0,-16.0
2022,Bangkok,2022-10-06,T3,Richard Bland,65,68.0,68.0,201.0,-15.0
2022,Bangkok,2022-10-06,T3,Paul Casey,71,65.0,65.0,201.0,-15.0
2022,Bangkok,2022-10-06,T3,Sihwan Kim,67,66.0,68.0,201.0,-15.0
2022,Bangkok,2022-10-06,T6,James Piot,69,65.0,68.0,202.0,-14.0
2022,Bangkok,2022-10-06,T6,Harold Varner III,67,66.0,69.0,202.0,-14.0
2022,Bangkok,2022-10-06,T8,Charles Howell III,69,67.0,67.0,203.0,-13.0
2022,Bangkok,2022-10-06,T8,Brooks Koepka,67,67.0,69.0,203.0,-13.0
2022,Bangkok,2022-10-06,T10,Abraham Ancer,69,68.0,68.0,205.0,-11.0
2022,Bangkok,2022-10-06,T10,Laurie Canter,70,66.0,69.0,205.0,-11.0
2022,Bangkok,2022-10-06,T10,Marc Leishman,66,69.0,70.0,205.0,-11.0
2022,Bangkok,2022-10-06,T10,Ian Poulter,66,70.0,69.0,205.0,-11.0
2022,Bangkok,2022-10-06,14,Bryson DeChambeau,69,68.0,69.0,206.0,-10.0
2022,Bangkok,2022-10-06,T15,Dustin Johnson,70,70.0,67.0,207.0,-9.0
2022,Bangkok,2022-10-06,T15,Matt Jones,71,70.0,66.0,207.0,-9.0
2022,Bangkok,2022-10-06,T15,Phil Mickelson,69,69.0,69.0,207.0,-9.0
2022,Bangkok,2022-10-06,T15,Carlos Ortiz,72,65.0,70.0,207.0,-9.0
2022,Bangkok,2022-10-06,T15,Lee Westwood,69,66.0,72.0,207.0,-9.0
2022,Bangkok,2022-10-06,T20,Sergio Garcia,68,72.0,68.0,208.0,-8.0
2022,Bangkok,2022-10-06,T20,Talor Gooch,70,67.0,71.0,208.0,-8.0
2022,Bangkok,2022-10-06,T20,Sadom Kaewkanjana,71,69.0,68.0,208.0,-8.0
2022,Bangkok,2022-10-06,T20,Jediah Morgan,67,69.0,72.0,208.0,-8.0
2022,Bangkok,2022-10-06,T20,Kevin Na,67,68.0,73.0,208.0,-8.0
2022,Bangkok,2022-10-06,T20,Joaquin Niemann,72,71.0,65.0,208.0,-8.0
2022,Bangkok,2022-10-06,T20,Peter Uihlein,70,68.0,70.0,208.0,-8.0
2022,Bangkok,2022-10-06,T27,Phachara Khongwatmai,71,70.0,68.0,209.0,-7.0
2022,Bangkok,2022-10-06,T27,Jason Kokrak,69,70.0,70.0,209.0,-7.0
2022,Bangkok,2022-10-06,T27,Shaun Norris,71,69.0,69.0,209.0,-7.0
2022,Bangkok,2022-10-06,T27,Wade Ormsby,70,68.0,71.0,209.0,-7.0
2022,Bangkok,2022-10-06,T27,Turk Pettit,71,68.0,70.0,209.0,-7.0
2022,Bangkok,2022-10-06,T27,Charl Schwartzel,70,73.0,66.0,209.0,-7.0
2022,Bangkok,2022-10-06,T33,Sam Horsfield,73,70.0,67.0,210.0,-6.0
2022,Bangkok,2022-10-06,T33,Martin Kaymer,73,69.0,68.0,210.0,-6.0
2022,Bangkok,2022-10-06,T33,Chase Koepka,74,69.0,67.0,210.0,-6.0
2022,Bangkok,2022-10-06,T33,Henrik Stenson,71,71.0,68.0,210.0,-6.0
2022,Bangkok,2022-10-06,T33,Hudson Swafford,70,68.0,72.0,210.0,-6.0
2022,Bangkok,2022-10-06,T33,Cameron Tringale,70,68.0,72.0,210.0,-6.0
2022,Bangkok,2022-10-06,T33,Bernd Wiesberger,73,69.0,68.0,210.0,-6.0
2022,Bangkok,2022-10-06,40,Pat Perez,71,71.0,69.0,211.0,-5.0
2022,Bangkok,2022-10-06,T41,Anirban Lahiri,71,71.0,70.0,212.0,-4.0
2022,Bangkok,2022-10-06,T41,Graeme McDowell,68,73.0,71.0,212.0,-4.0
2022,Bangkok,2022-10-06,T41,Cameron Smith,72,70.0,70.0,212.0,-4.0
2022,Bangkok,2022-10-06,T41,Matthew Wolff,74,66.0,72.0,212.0,-4.0
2022,Bangkok,2022-10-06,T45,Louis Oosthuizen,71,72.0,73.0,216.0,0.0
2022,Bangkok,2022-10-06,T45,Scott Vincent,70,72.0,74.0,216.0,0.0
2022,Bangkok,2022-10-06,47,Hideto Tanihara,70,72.0,75.0,217.0,1.0
2022,Bangkok,2022-10-06,WD,Branden Grace,65,,,,
2022,Jeddah,2022-10-14,1,Brooks Koepka,62,67.0,69.0,198.0,-12.0
2022,Jeddah,2022-10-14,2,Peter Uihlein,65,63.0,70.0,198.0,-12.0
2022,Jeddah,2022-10-14,T3,Sergio Garcia,67,64.0,68.0,199.0,-11.0
2022,Jeddah,2022-10-14,T3,Joaquin Niemann,68,66.0,65.0,199.0,-11.0
2022,Jeddah,2022-10-14,T5,Paul Casey,68,64.0,68.0,200.0,-10.0
2022,Jeddah,2022-10-14,T5,Dustin Johnson,68,65.0,67.0,200.0,-10.0
2022,Jeddah,2022-10-14,T5,Matthew Wolff,68,66.0,66.0,200.0,-10.0
2022,Jeddah,2022-10-14,T8,Charl Schwartzel,64,67.0,70.0,201.0,-9.0
2022,Jeddah,2022-10-14,T8,Bernd Wiesberger,68,68.0,65.0,201.0,-9.0
2022,Jeddah,2022-10-14,T10,Abraham Ancer,67,65.0,70.0,202.0,-8.0
2022,Jeddah,2022-10-14,T10,Anirban Lahiri,67,66.0,69.0,202.0,-8.0
2022,Jeddah,2022-10-14,T12,Talor Gooch,69,67.0,67.0,203.0,-7.0
2022,Jeddah,2022-10-14,T12,Chase Koepka,68,67.0,68.0,203.0,-7.0
2022,Jeddah,2022-10-14,T12,Graeme McDowell,70,65.0,68.0,203.0,-7.0
2022,Jeddah,2022-10-14,T12,Jediah Morgan,67,68.0,68.0,203.0,-7.0
2022,Jeddah,2022-10-14,T12,Carlos Ortiz,66,68.0,69.0,203.0,-7.0
2022,Jeddah,2022-10-14,T12,Patrick Reed,65,69.0,69.0,203.0,-7.0
2022,Jeddah,2022-10-14,T12,Lee Westwood,67,68.0,68.0,203.0,-7.0
2022,Jeddah,2022-10-14,T19,Charles Howell III,70,68.0,66.0,204.0,-6.0
2022,Jeddah,2022-10-14,T19,Sihwan Kim,68,65.0,71.0,204.0,-6.0
2022,Jeddah,2022-10-14,T21,Bryson DeChambeau,70,67.0,68.0,205.0,-5.0
2022,Jeddah,2022-10-14,T21,Jason Kokrak,70,65.0,70.0,205.0,-5.0
2022,Jeddah,2022-10-14,T21,James Piot,66,67.0,72.0,205.0,-5.0
2022,Jeddah,2022-10-14,T21,Cameron Smith,68,69.0,68.0,205.0,-5.0
2022,Jeddah,2022-10-14,T25,Richard Bland,71,67.0,68.0,206.0,-4.0
2022,Jeddah,2022-10-14,T25,Phachara Khongwatmai,68,71.0,67.0,206.0,-4.0
2022,Jeddah,2022-10-14,T25,Eugenio Lopez-Chacarra,69,67.0,70.0,206.0,-4.0
2022,Jeddah,2022-10-14,T28,Laurie Canter,71,68.0,68.0,207.0,-3.0
2022,Jeddah,2022-10-14,T28,Branden Grace,71,69.0,67.0,207.0,-3.0
2022,Jeddah,2022-10-14,T28,Sam Horsfield,69,70.0,68.0,207.0,-3.0
2022,Jeddah,2022-10-14,T28,Louis Oosthuizen,68,70.0,69.0,207.0,-3.0
2022,Jeddah,2022-10-14,T28,Ian Poulter,68,68.0,71.0,207.0,-3.0
2022,Jeddah,2022-10-14,T33,Hideto Tanihara,65,71.0,72.0,208.0,-2.0
2022,Jeddah,2022-10-14,T33,Harold Varner III,68,69.0,71.0,208.0,-2.0
2022,Jeddah,2022-10-14,T35,Marc Leishman,67,73.0,69.0,209.0,-1.0
2022,Jeddah,2022-10-14,T35,Phil Mickelson,67,71.0,71.0,209.0,-1.0
2022,Jeddah,2022-10-14,T35,Wade Ormsby,70,68.0,71.0,209.0,-1.0
2022,Jeddah,2022-10-14,T38,Sadom Kaewkanjana,72,68.0,71.0,211.0,1.0
2022,Jeddah,2022-10-14,T38,Turk Pettit,66,70.0,75.0,211.0,1.0
2022,Jeddah,2022-10-14,T38,Henrik Stenson,70,75.0,66.0,211.0,1.0
2022,Jeddah,2022-10-14,T41,Shaun Norris,69,69.0,74.0,212.0,2.0
2022,Jeddah,2022-10-14,T41,Hudson Swafford,72,71.0,69.0,212.0,2.0
2022,Jeddah,2022-10-14,T41,Cameron Tringale,75,67.0,70.0,212.0,2.0
2022,Jeddah,2022-10-14,T41,Scott Vincent,69,71.0,72.0,212.0,2.0
2022,Jeddah,2022-10-14,45,Matt Jones,74,69.0,70.0,213.0,3.0
2022,Jeddah,2022-10-14,46,Pat Perez,72,67.0,77.0,216.0,6.0
2022,Jeddah,2022-10-14,WD,Martin Kaymer,69,66.0,,,
2022,Jeddah,2022-10-14,WD,Kevin Na,70,,,,
2023,Mayakoba,2023-02-24,1,Charles Howell III,68,66.0,63.0,197.0,-16.0
2023,Mayakoba,2023-02-24,2,Peter Uihlein,67,66.0,68.0,201.0,-12.0
2023,Mayakoba,2023-02-24,3,Branden Grace,68,68.0,67.0,203.0,-10.0
2023,Mayakoba,2023-02-24,4,Paul Casey,65,71.0,70.0,206.0,-7.0
2023,Mayakoba,2023-02-24,T5,Cameron Smith,69,71.0,67.0,207.0,-6.0
2023,Mayakoba,2023-02-24,T5,Brendan Steele,72,70.0,65.0,207.0,-6.0
2023,Mayakoba,2023-02-24,T7,Sebastian Munoz,72,68.0,68.0,208.0,-5.0
2023,Mayakoba,2023-02-24,T7,Carlos Ortiz,67,70.0,71.0,208.0,-5.0
2023,Mayakoba,2023-02-24,T7,Pat Perez,71,71.0,66.0,208.0,-5.0
2023,Mayakoba,2023-02-24,T7,Matthew Wolff,70,67.0,71.0,208.0,-5.0
2023,Mayakoba,2023-02-24,T11,Talor Gooch,67,66.0,76.0,209.0,-4.0
2023,Mayakoba,2023-02-24,T11,Graeme McDowell,70,67.0,72.0,209.0,-4.0
2023,Mayakoba,2023-02-24,T11,Joaquin Niemann,74,67.0,68.0,209.0,-4.0
2023,Mayakoba,2023-02-24,T11,Ian Poulter,68,71.0,70.0,209.0,-4.0
2023,Mayakoba,2023-02-24,T15,Abraham Ancer,70,69.0,71.0,210.0,-3.0
2023,Mayakoba,2023-02-24,T15,Marc Leishman,68,70.0,72.0,210.0,-3.0
2023,Mayakoba,2023-02-24,T15,Mito Pereira,72,70.0,68.0,210.0,-3.0
2023,Mayakoba,2023-02-24,T15,Scott Vincent,71,71.0,68.0,210.0,-3.0
2023,Mayakoba,2023-02-24,19,Jason Kokrak,65,75.0,71.0,211.0,-2.0
2023,Mayakoba,2023-02-24,T20,Dean Burmester,73,69.0,70.0,212.0,-1.0
2023,Mayakoba,2023-02-24,T20,Kevin Na,74,69.0,69.0,212.0,-1.0
2023,Mayakoba,2023-02-24,T20,Cameron Tringale,70,72.0,70.0,212.0,-1.0
2023,Mayakoba,2023-02-24,T23,Bryson DeChambeau,72,73.0,68.0,213.0,0.0
2023,Mayakoba,2023-02-24,T23,Sergio Garcia,72,69.0,72.0,213.0,0.0
2023,Mayakoba,2023-02-24,T23,Matt Jones,73,72.0,68.0,213.0,0.0
2023,Mayakoba,2023-02-24,T23,Henrik Stenson,73,71.0,69.0,213.0,0.0
2023,Mayakoba,2023-02-24,T27,Richard Bland,73,70.0,71.0,214.0,1.0
2023,Mayakoba,2023-02-24,T27,Brooks Koepka,71,72.0,71.0,214.0,1.0
2023,Mayakoba,2023-02-24,T27,Eugenio Lopez-Chacarra,75,69.0,70.0,214.0,1.0
2023,Mayakoba,2023-02-24,T27,Phil Mickelson,72,75.0,67.0,214.0,1.0
2023,Mayakoba,2023-02-24,T27,Harold Varner III,74,72.0,68.0,214.0,1.0
2023,Mayakoba,2023-02-24,T32,Anirban Lahiri,70,72.0,73.0,215.0,2.0
2023,Mayakoba,2023-02-24,T32,Thomas Pieters,76,68.0,71.0,215.0,2.0
2023,Mayakoba,2023-02-24,34,Danny Lee,71,71.0,74.0,216.0,3.0
2023,Mayakoba,2023-02-24,T35,Dustin Johnson,68,71.0,78.0,217.0,4.0
2023,Mayakoba,2023-02-24,T35,James Piot,73,71.0,73.0,217.0,4.0
2023,Mayakoba,2023-02-24,T35,Charl Schwartzel,74,74.0,69.0,217.0,4.0
2023,Mayakoba,2023-02-24,T38,David Puig,74,69.0,75.0,218.0,5.0
2023,Mayakoba,2023-02-24,T38,Patrick Reed,72,72.0,74.0,218.0,5.0
2023,Mayakoba,2023-02-24,40,Bubba Watson,72,76.0,71.0,219.0,6.0
2023,Mayakoba,2023-02-24,T41,Louis Oosthuizen,76,69.0,76.0,221.0,8.0
2023,Mayakoba,2023-02-24,T41,Lee Westwood,76,71.0,74.0,221.0,8.0
2023,Mayakoba,2023-02-24,43,Jediah Morgan,70,75.0,78.0,223.0,10.0
2023,Mayakoba,2023-02-24,T44,Sam Horsfield,71,74.0,79.0,224.0,11.0
2023,Mayakoba,2023-02-24,T44,Bernd Wiesberger,76,77.0,71.0,224.0,11.0
2023,Mayakoba,2023-02-24,46,Laurie Canter,79,73.0,73.0,225.0,12.0
2023,Mayakoba,2023-02-24,47,Chase Koepka,74,81.0,73.0,228.0,15.0
2023,Mayakoba,2023-02-24,48,Sihwan Kim,82,77.0,77.0,236.0,23.0
2023,Tucson,2023-03-17,1,Danny Lee,68,67.0,69.0,204.0,-9.0
2023,Tucson,2023-03-17,2,Carlos Ortiz,71,68.0,65.0,204.0,-9.0
2023,Tucson,2023-03-17,3,Brendan Steele,69,65.0,70.0,204.0,-9.0
2023,Tucson,2023-03-17,4,Louis Oosthuizen,66,68.0,70.0,204.0,-9.0
2023,Tucson,2023-03-17,5,Charles Howell III,69,65.0,71.0,205.0,-8.0
2023,Tucson,2023-03-17,T6,Sergio Garcia,68,65.0,73.0,206.0,-7.0
2023,Tucson,2023-03-17,T6,Matt Jones,70,67.0,69.0,206.0,-7.0
2023,Tucson,2023-03-17,T6,Kevin Na,68,67.0,71.0,206.0,-7.0
2023,Tucson,2023-03-17,T6,Mito Pereira,71,68.0,67.0,206.0,-7.0
2023,Tucson,2023-03-17,T10,Branden Grace,70,67.0,70.0,207.0,-6.0
2023,Tucson,2023-03-17,T10,Peter Uihlein,67,72.0,68.0,207.0,-6.0
2023,Tucson,2023-03-17,T10,Matthew Wolff,66,69.0,72.0,207.0,-6.0
2023,Tucson,2023-03-17,T13,Talor Gooch,70,69.0,69.0,208.0,-5.0
2023,Tucson,2023-03-17,T13,Dustin Johnson,72,68.0,68.0,208.0,-5.0
2023,Tucson,2023-03-17,T13,Marc Leishman,65,66.0,77.0,208.0,-5.0
2023,Tucson,2023-03-17,T13,Pat Perez,68,70.0,70.0,208.0,-5.0
2023,Tucson,2023-03-17,T13,Cameron Tringale,68,66.0,74.0,208.0,-5.0
2023,Tucson,2023-03-17,T18,Sam Horsfield,69,70.0,70.0,209.0,-4.0
2023,Tucson,2023-03-17,T18,Patrick Reed,71,72.0,66.0,209.0,-4.0
2023,Tucson,2023-03-17,T20,Eugenio Lopez-Chacarra,70,67.0,73.0,210.0,-3.0
2023,Tucson,2023-03-17,T20,David Puig,67,72.0,71.0,210.0,-3.0
2023,Tucson,2023-03-17,T20,Scott Vincent,68,73.0,69.0,210.0,-3.0
2023,Tucson,2023-03-17,T20,Bubba Watson,71,66.0,73.0,210.0,-3.0
2023,Tucson,2023-03-17,T24,Abraham Ancer,66,73.0,72.0,211.0,-2.0
2023,Tucson,2023-03-17,T24,Richard Bland,74,69.0,68.0,211.0,-2.0
2023,Tucson,2023-03-17,T24,Paul Casey,69,72.0,70.0,211.0,-2.0
2023,Tucson,2023-03-17,T24,Brooks Koepka,69,69.0,73.0,211.0,-2.0
2023,Tucson,2023-03-17,T24,Cameron Smith,71,70.0,70.0,211.0,-2.0
2023,Tucson,2023-03-17,T24,Harold Varner III,70,70.0,71.0,211.0,-2.0
2023,Tucson,2023-03-17,T30,Laurie Canter,70,69.0,73.0,212.0,-1.0
2023,Tucson,2023-03-17,T30,Anirban Lahiri,70,68.0,74.0,212.0,-1.0
2023,Tucson,2023-03-17,T30,Phil Mickelson,70,67.0,75.0,212.0,-1.0
2023,Tucson,2023-03-17,T33,Dean Burmester,72,68.0,73.0,213.0,0.0
2023,Tucson,2023-03-17,T33,Thomas Pieters,69,71.0,73.0,213.0,0.0
2023,Tucson,2023-03-17,T33,Ian Poulter,72,67.0,74.0,213.0,0.0
2023,Tucson,2023-03-17,T36,Chase Koepka,69,71.0,74.0,214.0,1.0
2023,Tucson,2023-03-17,T36,Jason Kokrak,69,72.0,73.0,214.0,1.0
2023,Tucson,2023-03-17,T36,Sebastian Munoz,69,71.0,74.0,214.0,1.0
2023,Tucson,2023-03-17,T36,Joaquin Niemann,67,74.0,73.0,214.0,1.0
2023,Tucson,2023-03-17,T36,Bernd Wiesberger,72,70.0,72.0,214.0,1.0
2023,Tucson,2023-03-17,41,Graeme McDowell,72,71.0,72.0,215.0,2.0
2023,Tucson,2023-03-17,42,Henrik Stenson,72,68.0,76.0,216.0,3.0
2023,Tucson,2023-03-17,43,Lee Westwood,74,71.0,73.0,218.0,5.0
2023,Tucson,2023-03-17,T44,Bryson DeChambeau,72,75.0,73.0,220.0,7.0
2023,Tucson,2023-03-17,T44,James Piot,73,70.0,77.0,220.0,7.0
2023,Tucson,2023-03-17,46,Charl Schwartzel,73,76.0,72.0,221.0,8.0
2023,Tucson,2023-03-17,47,Jediah Morgan,73,74.0,75.0,222.0,9.0
2023,Tucson,2023-03-17,48,Sihwan Kim,78,75.0,79.0,232.0,19.0
2023,Orlando,2023-03-31,1,Brooks Koepka,65,65.0,68.0,198.0,-15.0
2023,Orlando,2023-03-31,2,Sebastian Munoz,62,71.0,66.0,199.0,-14.0
2023,Orlando,2023-03-31,T3,Dean Burmester,67,70.0,64.0,201.0,-12.0
2023,Orlando,2023-03-31,T3,Patrick Reed,67,67.0,67.0,201.0,-12.0
2023,Orlando,2023-03-31,T5,Mito Pereira,68,66.0,68.0,202.0,-11.0
2023,Orlando,2023-03-31,T5,Matthew Wolff,67,68.0,67.0,202.0,-11.0
2023,Orlando,2023-03-31,7,Dustin Johnson,67,70.0,66.0,203.0,-10.0
2023,Orlando,2023-03-31,T8,Sam Horsfield,70,66.0,68.0,204.0,-9.0
2023,Orlando,2023-03-31,T8,Carlos Ortiz,70,69.0,65.0,204.0,-9.0
2023,Orlando,2023-03-31,T8,Peter Uihlein,72,67.0,65.0,204.0,-9.0
2023,Orlando,2023-03-31,T11,Richard Bland,64,71.0,70.0,205.0,-8.0
2023,Orlando,2023-03-31,T11,Laurie Canter,68,66.0,71.0,205.0,-8.0
2023,Orlando,2023-03-31,T11,Jason Kokrak,68,68.0,69.0,205.0,-8.0
2023,Orlando,2023-03-31,T11,Henrik Stenson,67,72.0,66.0,205.0,-8.0
2023,Orlando,2023-03-31,T11,Cameron Tringale,70,66.0,69.0,205.0,-8.0
2023,Orlando,2023-03-31,T16,Bryson DeChambeau,70,69.0,67.0,206.0,-7.0
2023,Orlando,2023-03-31,T16,Talor Gooch,69,69.0,68.0,206.0,-7.0
2023,Orlando,2023-03-31,T16,Thomas Pieters,68,71.0,67.0,206.0,-7.0
2023,Orlando,2023-03-31,T16,Charl Schwartzel,71,65.0,70.0,206.0,-7.0
2023,Orlando,2023-03-31,T16,Harold Varner III,66,72.0,68.0,206.0,-7.0
2023,Orlando,2023-03-31,T16,Lee Westwood,66,71.0,69.0,206.0,-7.0
2023,Orlando,2023-03-31,T22,Branden Grace,67,70.0,70.0,207.0,-6.0
2023,Orlando,2023-03-31,T22,Kevin Na,72,66.0,69.0,207.0,-6.0
2023,Orlando,2023-03-31,T22,David Puig,72,68.0,67.0,207.0,-6.0
2023,Orlando,2023-03-31,T22,Scott Vincent,70,67.0,70.0,207.0,-6.0
2023,Orlando,2023-03-31,T26,Abraham Ancer,70,66.0,72.0,208.0,-5.0
2023,Orlando,2023-03-31,T26,Charles Howell III,69,72.0,67.0,208.0,-5.0
2023,Orlando,2023-03-31,T26,Marc Leishman,68,72.0,68.0,208.0,-5.0
2023,Orlando,2023-03-31,T26,Jediah Morgan,71,70.0,67.0,208.0,-5.0
2023,Orlando,2023-03-31,T26,Cameron Smith,69,68.0,71.0,208.0,-5.0
2023,Orlando,2023-03-31,T31,Paul Casey,69,69.0,71.0,209.0,-4.0
2023,Orlando,2023-03-31,T31,Danny Lee,65,70.0,74.0,209.0,-4.0
2023,Orlando,2023-03-31,T31,Graeme McDowell,71,67.0,71.0,209.0,-4.0
2023,Orlando,2023-03-31,T31,Joaquin Niemann,70,68.0,71.0,209.0,-4.0
2023,Orlando,2023-03-31,T31,Pat Perez,69,72.0,68.0,209.0,-4.0
2023,Orlando,2023-03-31,T36,Eugenio Lopez-Chacarra,73,71.0,66.0,210.0,-3.0
2023,Orlando,2023-03-31,T36,James Piot,72,66.0,72.0,210.0,-3.0
2023,Orlando,2023-03-31,T36,Brendan Steele,71,72.0,67.0,210.0,-3.0
2023,Orlando,2023-03-31,T36,Bernd Wiesberger,73,69.0,68.0,210.0,-3.0
2023,Orlando,2023-03-31,40,Bubba Watson,71,72.0,69.0,212.0,-1.0
2023,Orlando,2023-03-31,T41,Phil Mickelson,70,76.0,67.0,213.0,0.0
2023,Orlando,2023-03-31,T41,Andy Ogletree,69,70.0,74.0,213.0,0.0
2023,Orlando,2023-03-31,T41,Louis Oosthuizen,70,70.0,73.0,213.0,0.0
2023,Orlando,2023-03-31,44,Ian Poulter,69,73.0,72.0,214.0,1.0
2023,Orlando,2023-03-31,45,Sergio Garcia,71,76.0,68.0,215.0,2.0
2023,Orlando,2023-03-31,T46,Matt Jones,71,72.0,74.0,217.0,4.0
2023,Orlando,2023-03-31,T46,Chase Koepka,67,76.0,74.0,217.0,4.0
2023,Orlando,2023-03-31,48,Sihwan Kim,75,75.0,76.0,226.0,13.0
2023,Adelaide,2023-04-20,1,Talor Gooch,62,62.0,73.0,197.0,-19.0
2023,Adelaide,2023-04-20,2,Anirban Lahiri,69,66.0,65.0,200.0,-16.0
2023,Adelaide,2023-04-20,T3,Pat Perez,67,67.0,67.0,201.0,-15.0
2023,Adelaide,2023-04-20,T3,Patrick Reed,71,65.0,65.0,201.0,-15.0
2023,Adelaide,2023-04-20,T3,Cameron Smith,69,66.0,66.0,201.0,-15.0
2023,Adelaide,2023-04-20,T3,Cameron Tringale,69,65.0,67.0,201.0,-15.0
2023,Adelaide,2023-04-20,T7,Dean Burmester,66,69.0,67.0,202.0,-14.0
2023,Adelaide,2023-04-20,T7,Charl Schwartzel,68,66.0,68.0,202.0,-14.0
2023,Adelaide,2023-04-20,T7,Peter Uihlein,68,68.0,66.0,202.0,-14.0
2023,Adelaide,2023-04-20,10,Dustin Johnson,71,65.0,67.0,203.0,-13.0
2023,Adelaide,2023-04-20,T11,Abraham Ancer,69,65.0,70.0,204.0,-12.0
2023,Adelaide,2023-04-20,T11,Sergio Garcia,68,68.0,68.0,204.0,-12.0
2023,Adelaide,2023-04-20,T11,Brooks Koepka,69,65.0,70.0,204.0,-12.0
2023,Adelaide,2023-04-20,T11,Jason Kokrak,68,71.0,65.0,204.0,-12.0
2023,Adelaide,2023-04-20,T11,Phil Mickelson,70,65.0,69.0,204.0,-12.0
2023,Adelaide,2023-04-20,T11,Kevin Na,68,69.0,67.0,204.0,-12.0
2023,Adelaide,2023-04-20,T11,Louis Oosthuizen,68,66.0,70.0,204.0,-12.0
2023,Adelaide,2023-04-20,T11,Henrik Stenson,68,68.0,68.0,204.0,-12.0
2023,Adelaide,2023-04-20,T11,Harold Varner III,71,64.0,69.0,204.0,-12.0
2023,Adelaide,2023-04-20,T11,Bubba Watson,70,67.0,67.0,204.0,-12.0
2023,Adelaide,2023-04-20,T21,Charles Howell III,69,69.0,67.0,205.0,-11.0
2023,Adelaide,2023-04-20,T21,Marc Leishman,71,69.0,65.0,205.0,-11.0
2023,Adelaide,2023-04-20,T21,Sebastian Munoz,73,65.0,67.0,205.0,-11.0
2023,Adelaide,2023-04-20,T24,Chase Koepka,70,70.0,66.0,206.0,-10.0
2023,Adelaide,2023-04-20,T24,Danny Lee,67,71.0,68.0,206.0,-10.0
2023,Adelaide,2023-04-20,T26,Bryson DeChambeau,73,65.0,69.0,207.0,-9.0
2023,Adelaide,2023-04-20,T26,Mito Pereira,72,66.0,69.0,207.0,-9.0
2023,Adelaide,2023-04-20,T26,Ian Poulter,72,69.0,66.0,207.0,-9.0
2023,Adelaide,2023-04-20,T26,Brendan Steele,67,71.0,69.0,207.0,-9.0
2023,Adelaide,2023-04-20,T30,Joaquin Niemann,70,68.0,70.0,208.0,-8.0
2023,Adelaide,2023-04-20,T30,Bernd Wiesberger,67,70.0,71.0,208.0,-8.0
2023,Adelaide,2023-04-20,T32,Richard Bland,66,71.0,72.0,209.0,-7.0
2023,Adelaide,2023-04-20,T32,Thomas Pieters,71,68.0,70.0,209.0,-7.0
2023,Adelaide,2023-04-20,T32,James Piot,69,74.0,66.0,209.0,-7.0
2023,Adelaide,2023-04-20,T32,David Puig,70,67.0,72.0,209.0,-7.0
2023,Adelaide,2023-04-20,T36,Graeme McDowell,67,69.0,74.0,210.0,-6.0
2023,Adelaide,2023-04-20,T36,Carlos Ortiz,73,66.0,71.0,210.0,-6.0
2023,Adelaide,2023-04-20,T36,Lee Westwood,71,69.0,70.0,210.0,-6.0
2023,Adelaide,2023-04-20,39,Paul Casey,71,70.0,71.0,212.0,-4.0
2023,Adelaide,2023-04-20,T40,Branden Grace,74,65.0,74.0,213.0,-3.0
2023,Adelaide,2023-04-20,T40,Scott Vincent,68,74.0,71.0,213.0,-3.0
2023,Adelaide,2023-04-20,T42,Matt Jones,72,73.0,69.0,214.0,-2.0
2023,Adelaide,2023-04-20,44,Jediah Morgan,76,71.0,68.0,215.0,-1.0
2023,Adelaide,2023-04-20,T45,Eugenio Lopez-Chacarra,74,70.0,72.0,216.0,0.0
2023,Adelaide,2023-04-20,T45,Matthew Wolff,72,72.0,72.0,216.0,0.0
2023,Adelaide,2023-04-20,47,Martin Kaymer,75,77.0,71.0,223.0,7.0
2023,Adelaide,2023-04-20,48,Sihwan Kim,84,71.0,75.0,230.0,14.0
2023,Adelaide,2023-04-20,WD,Sam Horsfield,75,70.0,,,
2023,Singapore,2023-04-27,1,Sergio Garcia,65,64.0,67.0,196.0,-17.0
2023,Singapore,2023-04-27,2,Talor Gooch,64,65.0,67.0,196.0,-17.0
2023,Singapore,2023-04-27,3,Brooks Koepka,65,65.0,67.0,197.0,-16.0
2023,Singapore,2023-04-27,4,Scott Vincent,69,62.0,67.0,198.0,-15.0
2023,Singapore,2023-04-27,5,Mito Pereira,67,66.0,66.0,199.0,-14.0
2023,Singapore,2023-04-27,T6,Jason Kokrak,67,68.0,66.0,201.0,-12.0
2023,Singapore,2023-04-27,T6,Cameron Smith,65,66.0,70.0,201.0,-12.0
2023,Singapore,2023-04-27,T8,Charles Howell III,69,70.0,63.0,202.0,-11.0
2023,Singapore,2023-04-27,T8,Joaquin Niemann,70,66.0,66.0,202.0,-11.0
2023,Singapore,2023-04-27,T8,Harold Varner III,71,66.0,65.0,202.0,-11.0
2023,Singapore,2023-04-27,T11,Cameron Tringale,65,66.0,72.0,203.0,-10.0
2023,Singapore,2023-04-27,T11,Peter Uihlein,69,68.0,66.0,203.0,-10.0
2023,Singapore,2023-04-27,T13,Eugenio Lopez-Chacarra,71,69.0,64.0,204.0,-9.0
2023,Singapore,2023-04-27,T13,Phil Mickelson,66,66.0,72.0,204.0,-9.0
2023,Singapore,2023-04-27,T13,Patrick Reed,67,70.0,67.0,204.0,-9.0
2023,Singapore,2023-04-27,T16,Marc Leishman,69,68.0,68.0,205.0,-8.0
2023,Singapore,2023-04-27,T16,Jediah Morgan,70,67.0,68.0,205.0,-8.0
2023,Singapore,2023-04-27,T16,Louis Oosthuizen,66,69.0,70.0,205.0,-8.0
2023,Singapore,2023-04-27,T19,Bryson DeChambeau,66,70.0,70.0,206.0,-7.0
2023,Singapore,2023-04-27,T19,Anirban Lahiri,72,67.0,67.0,206.0,-7.0
2023,Singapore,2023-04-27,T19,Kevin Na,68,69.0,69.0,206.0,-7.0
2023,Singapore,2023-04-27,T19,Carlos Ortiz,73,64.0,69.0,206.0,-7.0
2023,Singapore,2023-04-27,T23,Dustin Johnson,69,68.0,70.0,207.0,-6.0
2023,Singapore,2023-04-27,T23,Danny Lee,68,69.0,70.0,207.0,-6.0
2023,Singapore,2023-04-27,T23,Thomas Pieters,70,68.0,69.0,207.0,-6.0
2023,Singapore,2023-04-27,T23,Bubba Watson,70,66.0,71.0,207.0,-6.0
2023,Singapore,2023-04-27,T27,Laurie Canter,70,70.0,68.0,208.0,-5.0
2023,Singapore,2023-04-27,T27,Ian Poulter,71,71.0,66.0,208.0,-5.0
2023,Singapore,2023-04-27,T27,Brendan Steele,74,68.0,66.0,208.0,-5.0
2023,Singapore,2023-04-27,T30,Paul Casey,76,70.0,63.0,209.0,-4.0
2023,Singapore,2023-04-27,T30,Matt Jones,70,67.0,72.0,209.0,-4.0
2023,Singapore,2023-04-27,T30,Henrik Stenson,69,71.0,69.0,209.0,-4.0
2023,Singapore,2023-04-27,T33,Sebastian Munoz,73,67.0,70.0,210.0,-3.0
2023,Singapore,2023-04-27,T33,David Puig,70,69.0,71.0,210.0,-3.0
2023,Singapore,2023-04-27,T33,Charl Schwartzel,67,73.0,70.0,210.0,-3.0
2023,Singapore,2023-04-27,T36,Richard Bland,70,73.0,68.0,211.0,-2.0
2023,Singapore,2023-04-27,T36,Graeme McDowell,74,68.0,69.0,211.0,-2.0
2023,Singapore,2023-04-27,T36,Pat Perez,73,69.0,69.0,211.0,-2.0
2023,Singapore,2023-04-27,T36,Lee Westwood,70,72.0,69.0,211.0,-2.0
2023,Singapore,2023-04-27,T36,Bernd Wiesberger,71,70.0,70.0,211.0,-2.0
2023,Singapore,2023-04-27,T41,Dean Burmester,69,74.0,69.0,212.0,-1.0
2023,Singapore,2023-04-27,T41,Branden Grace,70,70.0,72.0,212.0,-1.0
2023,Singapore,2023-04-27,T41,Martin Kaymer,72,66.0,74.0,212.0,-1.0
2023,Singapore,2023-04-27,T41,Matthew Wolff,73,72.0,67.0,212.0,-1.0
2023,Singapore,2023-04-27,45,Sihwan Kim,70,71.0,73.0,214.0,1.0
2023,Singapore,2023-04-27,46,Chase Koepka,72,75.0,68.0,215.0,2.0
2023,Singapore,2023-04-27,47,Abraham Ancer,72,72.0,73.0,217.0,4.0
2023,Singapore,2023-04-27,48,James Piot,70,78.0,73.0,221.0,8.0
2023,Tulsa,2023-05-12,1,Dustin Johnson,63,63.0,67.0,193.0,-17.0
2023,Tulsa,2023-05-12,T2,Branden Grace,61,67.0,65.0,193.0,-17.0
2023,Tulsa,2023-05-12,T2,Cameron Smith,64,68.0,61.0,193.0,-17.0
2023,Tulsa,2023-05-12,4,Harold Varner III,67,69.0,61.0,197.0,-13.0
2023,Tulsa,2023-05-12,T5,Bryson DeChambeau,68,63.0,67.0,198.0,-12.0
2023,Tulsa,2023-05-12,T5,Brooks Koepka,68,65.0,65.0,198.0,-12.0
2023,Tulsa,2023-05-12,T5,Eugenio Lopez-Chacarra,69,65.0,64.0,198.0,-12.0
2023,Tulsa,2023-05-12,T8,Dean Burmester,67,68.0,64.0,199.0,-11.0
2023,Tulsa,2023-05-12,T8,Joaquin Niemann,64,70.0,65.0,199.0,-11.0
2023,Tulsa,2023-05-12,T8,Bubba Watson,66,64.0,69.0,199.0,-11.0
2023,Tulsa,2023-05-12,T11,Charles Howell III,70,64.0,66.0,200.0,-10.0
2023,Tulsa,2023-05-12,T11,Jason Kokrak,70,67.0,63.0,200.0,-10.0
2023,Tulsa,2023-05-12,T11,Anirban Lahiri,68,67.0,65.0,200.0,-10.0
2023,Tulsa,2023-05-12,T11,Patrick Reed,69,67.0,64.0,200.0,-10.0
2023,Tulsa,2023-05-12,T11,Brendan Steele,63,69.0,68.0,200.0,-10.0
2023,Tulsa,2023-05-12,T16,Thomas Pieters,67,67.0,67.0,201.0,-9.0
2023,Tulsa,2023-05-12,T16,Scott Vincent,69,68.0,64.0,201.0,-9.0
2023,Tulsa,2023-05-12,T18,Pat Perez,67,69.0,66.0,202.0,-8.0
2023,Tulsa,2023-05-12,T18,Ian Poulter,67,68.0,67.0,202.0,-8.0
2023,Tulsa,2023-05-12,T18,Henrik Stenson,69,68.0,65.0,202.0,-8.0
2023,Tulsa,2023-05-12,T18,Cameron Tringale,71,66.0,65.0,202.0,-8.0
2023,Tulsa,2023-05-12,T18,Bernd Wiesberger,69,67.0,66.0,202.0,-8.0
2023,Tulsa,2023-05-12,T24,Abraham Ancer,68,66.0,69.0,203.0,-7.0
2023,Tulsa,2023-05-12,T24,Richard Bland,66,67.0,70.0,203.0,-7.0
2023,Tulsa,2023-05-12,T24,Laurie Canter,67,71.0,65.0,203.0,-7.0
2023,Tulsa,2023-05-12,T24,Sergio Garcia,68,70.0,65.0,203.0,-7.0
2023,Tulsa,2023-05-12,T24,Chase Koepka,67,69.0,67.0,203.0,-7.0
2023,Tulsa,2023-05-12,T24,Louis Oosthuizen,65,70.0,68.0,203.0,-7.0
2023,Tulsa,2023-05-12,T24,Peter Uihlein,71,65.0,67.0,203.0,-7.0
2023,Tulsa,2023-05-12,T31,Matt Jones,67,71.0,66.0,204.0,-6.0
2023,Tulsa,2023-05-12,T31,Sebastian Munoz,69,73.0,62.0,204.0,-6.0
2023,Tulsa,2023-05-12,T31,Carlos Ortiz,72,69.0,63.0,204.0,-6.0
2023,Tulsa,2023-05-12,T31,Mito Pereira,72,64.0,68.0,204.0,-6.0
2023,Tulsa,2023-05-12,T31,Matthew Wolff,66,68.0,70.0,204.0,-6.0
2023,Tulsa,2023-05-12,36,Charl Schwartzel,72,67.0,66.0,205.0,-5.0
2023,Tulsa,2023-05-12,T37,Talor Gooch,68,71.0,67.0,206.0,-4.0
2023,Tulsa,2023-05-12,T37,Danny Lee,70,64.0,72.0,206.0,-4.0
2023,Tulsa,2023-05-12,T37,Marc Leishman,69,68.0,69.0,206.0,-4.0
2023,Tulsa,2023-05-12,T37,David Puig,69,68.0,69.0,206.0,-4.0
2023,Tulsa,2023-05-12,T41,Paul Casey,68,70.0,69.0,207.0,-3.0
2023,Tulsa,2023-05-12,T41,Martin Kaymer,68,71.0,68.0,207.0,-3.0
2023,Tulsa,2023-05-12,T41,James Piot,71,69.0,67.0,207.0,-3.0
2023,Tulsa,2023-05-12,44,Sihwan Kim,72,68.0,68.0,208.0,-2.0
2023,Tulsa,2023-05-12,45,Kevin Na,75,66.0,68.0,209.0,-1.0
2023,Tulsa,2023-05-12,T46,Graeme McDowell,68,71.0,71.0,210.0,0.0
2023,Tulsa,2023-05-12,T46,Phil Mickelson,71,69.0,70.0,210.0,0.0
2023,Tulsa,2023-05-12,48,Jediah Morgan,73,66.0,72.0,211.0,1.0
2023,Tulsa,2023-05-12,WD,Lee Westwood,69,69.0,,,
2023,DC,2023-05-26,1,Harold Varner III,64,72.0,68.0,204.0,-12.0
2023,DC,2023-05-26,2,Branden Grace,70,69.0,66.0,205.0,-11.0
2023,DC,2023-05-26,3,Mito Pereira,68,67.0,71.0,206.0,-10.0
2023,DC,2023-05-26,T4,Sebastian Munoz,70,68.0,70.0,208.0,-8.0
2023,DC,2023-05-26,T4,Henrik Stenson,70,67.0,71.0,208.0,-8.0
2023,DC,2023-05-26,T6,Kevin Na,68,69.0,72.0,209.0,-7.0
2023,DC,2023-05-26,T6,Andy Ogletree,68,70.0,71.0,209.0,-7.0
2023,DC,2023-05-26,T6,Louis Oosthuizen,71,67.0,71.0,209.0,-7.0
2023,DC,2023-05-26,T9,Bryson DeChambeau,70,70.0,70.0,210.0,-6.0
2023,DC,2023-05-26,T9,Cameron Smith,68,70.0,72.0,210.0,-6.0
2023,DC,2023-05-26,T9,Cameron Tringale,69,71.0,70.0,210.0,-6.0
2023,DC,2023-05-26,T12,Brooks Koepka,72,69.0,70.0,211.0,-5.0
2023,DC,2023-05-26,T12,Carlos Ortiz,73,68.0,70.0,211.0,-5.0
2023,DC,2023-05-26,T12,David Puig,70,75.0,66.0,211.0,-5.0
2023,DC,2023-05-26,T15,Dean Burmester,69,71.0,72.0,212.0,-4.0
2023,DC,2023-05-26,T15,Talor Gooch,70,71.0,71.0,212.0,-4.0
2023,DC,2023-05-26,T15,Peter Uihlein,70,71.0,71.0,212.0,-4.0
2023,DC,2023-05-26,T18,Laurie Canter,69,73.0,71.0,213.0,-3.0
2023,DC,2023-05-26,T18,Eugenio Lopez-Chacarra,70,69.0,74.0,213.0,-3.0
2023,DC,2023-05-26,T18,Graeme McDowell,72,70.0,71.0,213.0,-3.0
2023,DC,2023-05-26,T18,Pat Perez,73,69.0,71.0,213.0,-3.0
2023,DC,2023-05-26,T18,Scott Vincent,69,75.0,69.0,213.0,-3.0
2023,DC,2023-05-26,T23,Richard Bland,71,70.0,73.0,214.0,-2.0
2023,DC,2023-05-26,T23,Dustin Johnson,69,72.0,73.0,214.0,-2.0
2023,DC,2023-05-26,T23,Matt Jones,73,72.0,69.0,214.0,-2.0
2023,DC,2023-05-26,T23,Martin Kaymer,69,74.0,71.0,214.0,-2.0
2023,DC,2023-05-26,T23,Ian Poulter,73,69.0,72.0,214.0,-2.0
2023,DC,2023-05-26,T23,Brendan Steele,73,70.0,71.0,214.0,-2.0
2023,DC,2023-05-26,T29,Anirban Lahiri,73,71.0,71.0,215.0,-1.0
2023,DC,2023-05-26,T29,Charl Schwartzel,72,73.0,70.0,215.0,-1.0
2023,DC,2023-05-26,T31,Sergio Garcia,70,72.0,74.0,216.0,0.0
2023,DC,2023-05-26,T31,Charles Howell III,73,73.0,70.0,216.0,0.0
2023,DC,2023-05-26,T31,Joaquin Niemann,71,71.0,74.0,216.0,0.0
2023,DC,2023-05-26,T31,Bernd Wiesberger,71,74.0,71.0,216.0,0.0
2023,DC,2023-05-26,T35,Danny Lee,69,76.0,72.0,217.0,1.0
2023,DC,2023-05-26,T35,Marc Leishman,73,72.0,72.0,217.0,1.0
2023,DC,2023-05-26,T35,James Piot,66,74.0,77.0,217.0,1.0
2023,DC,2023-05-26,T35,Patrick Reed,69,71.0,77.0,217.0,1.0
2023,DC,2023-05-26,T35,Lee Westwood,72,73.0,72.0,217.0,1.0
2023,DC,2023-05-26,41,Bubba Watson,76,68.0,74.0,218.0,2.0
2023,DC,2023-05-26,43,Jediah Morgan,73,74.0,74.0,221.0,5.0
2023,DC,2023-05-26,T44,Abraham Ancer,78,72.0,74.0,224.0,8.0
2023,DC,2023-05-26,T44,Chase Koepka,77,75.0,72.0,224.0,8.0
2023,DC,2023-05-26,T44,Phil Mickelson,74,75.0,76.0,225.0,9.0
2023,DC,2023-05-26,45,Sihwan Kim,76,77.0,77.0,230.0,14.0
2023,DC,2023-05-26,WD,Matthew Wolff,73,78.0,,,
2023,DC,2023-05-26,WD,Thomas Pieters,72,73.0,,,
2023,DC,2023-05-26,WD,Jason Kokrak,72,,,,
2023,Andalucia,2023-06-30,1,Talor Gooch,69,65.0,67.0,201.0,-12.0
2023,Andalucia,2023-06-30,2,Bryson DeChambeau,70,63.0,69.0,202.0,-11.0
2023,Andalucia,2023-06-30,3,Brooks Koepka,71,65.0,68.0,204.0,-9.0
2023,Andalucia,2023-06-30,4,Sebastian Munoz,71,68.0,68.0,207.0,-6.0
2023,Andalucia,2023-06-30,T5,Jason Kokrak,67,74.0,68.0,209.0,-4.0
2023,Andalucia,2023-06-30,T5,David Puig,74,66.0,69.0,209.0,-4.0
2023,Andalucia,2023-06-30,T5,Patrick Reed,71,71.0,67.0,209.0,-4.0
2023,Andalucia,2023-06-30,T8,Dustin Johnson,67,71.0,72.0,210.0,-3.0
2023,Andalucia,2023-06-30,T8,Cameron Tringale,71,70.0,69.0,210.0,-3.0
2023,Andalucia,2023-06-30,T10,Sergio Garcia,70,71.0,70.0,211.0,-2.0
2023,Andalucia,2023-06-30,T10,Joaquin Niemann,70,73.0,68.0,211.0,-2.0
2023,Andalucia,2023-06-30,T12,Ian Poulter,70,70.0,72.0,212.0,-1.0
2023,Andalucia,2023-06-30,T12,Cameron Smith,69,72.0,71.0,212.0,-1.0
2023,Andalucia,2023-06-30,T14,Dean Burmester,70,74.0,69.0,213.0,0.0
2023,Andalucia,2023-06-30,T14,Matt Jones,71,70.0,72.0,213.0,0.0
2023,Andalucia,2023-06-30,T14,Carlos Ortiz,73,69.0,71.0,213.0,0.0
2023,Andalucia,2023-06-30,T14,Mito Pereira,71,72.0,70.0,213.0,0.0
2023,Andalucia,2023-06-30,T14,Thomas Pieters,73,67.0,73.0,213.0,0.0
2023,Andalucia,2023-06-30,T19,Abraham Ancer,72,71.0,71.0,214.0,1.0
2023,Andalucia,2023-06-30,T19,Laurie Canter,71,73.0,70.0,214.0,1.0
2023,Andalucia,2023-06-30,T19,Paul Casey,71,71.0,72.0,214.0,1.0
2023,Andalucia,2023-06-30,T22,Richard Bland,70,72.0,73.0,215.0,2.0
2023,Andalucia,2023-06-30,T22,Brendan Steele,74,72.0,69.0,215.0,2.0
2023,Andalucia,2023-06-30,T24,Phil Mickelson,73,70.0,73.0,216.0,3.0
2023,Andalucia,2023-06-30,T24,Louis Oosthuizen,74,72.0,70.0,216.0,3.0
2023,Andalucia,2023-06-30,T24,Pat Perez,77,66.0,73.0,216.0,3.0
2023,Andalucia,2023-06-30,T27,Marc Leishman,70,71.0,76.0,217.0,4.0
2023,Andalucia,2023-06-30,T27,Kevin Na,69,72.0,76.0,217.0,4.0
2023,Andalucia,2023-06-30,T27,Scott Vincent,77,70.0,70.0,217.0,4.0
2023,Andalucia,2023-06-30,T27,Lee Westwood,73,70.0,74.0,217.0,4.0
2023,Andalucia,2023-06-30,T31,Branden Grace,77,72.0,69.0,218.0,5.0
2023,Andalucia,2023-06-30,T31,Danny Lee,72,73.0,73.0,218.0,5.0
2023,Andalucia,2023-06-30,T31,Henrik Stenson,70,72.0,76.0,218.0,5.0
2023,Andalucia,2023-06-30,T31,Bubba Watson,72,70.0,76.0,218.0,5.0
2023,Andalucia,2023-06-30,35,Bernd Wiesberger,73,76.0,70.0,219.0,6.0
2023,Andalucia,2023-06-30,T36,Martin Kaymer,73,74.0,73.0,220.0,7.0
2023,Andalucia,2023-06-30,T36,James Piot,76,71.0,73.0,220.0,7.0
2023,Andalucia,2023-06-30,T38,Anirban Lahiri,68,78.0,75.0,221.0,8.0
2023,Andalucia,2023-06-30,T38,Eugenio Lopez-Chacarra,74,72.0,75.0,221.0,8.0
2023,Andalucia,2023-06-30,T38,Graeme McDowell,71,76.0,74.0,221.0,8.0
2023,Andalucia,2023-06-30,T38,Charl Schwartzel,71,73.0,77.0,221.0,8.0
2023,Andalucia,2023-06-30,T38,Harold Varner III,74,75.0,72.0,221.0,8.0
2023,Andalucia,2023-06-30,43,Peter Uihlein,75,73.0,75.0,223.0,10.0
2023,Andalucia,2023-06-30,44,Matthew Wolff,77,72.0,76.0,225.0,12.0
2023,Andalucia,2023-06-30,T45,Charles Howell III,77,73.0,77.0,227.0,14.0
2023,Andalucia,2023-06-30,T45,Jediah Morgan,74,78.0,75.0,227.0,14.0
2023,Andalucia,2023-06-30,47,Chase Koepka,75,78.0,75.0,228.0,15.0
2023,Andalucia,2023-06-30,48,Sihwan Kim,81,73.0,76.0,230.0,17.0
2023,London,2023-07-07,1,Cameron Smith,63,67.0,68.0,198.0,-15.0
2023,London,2023-07-07,T2,Marc Leishman,64,69.0,66.0,199.0,-14.0
2023,London,2023-07-07,T2,Patrick Reed,70,64.0,65.0,199.0,-14.0
2023,London,2023-07-07,4,Louis Oosthuizen,70,63.0,68.0,201.0,-12.0
2023,London,2023-07-07,5,Dustin Johnson,71,65.0,67.0,203.0,-10.0
2023,London,2023-07-07,T6,Richard Bland,68,70.0,66.0,204.0,-9.0
2023,London,2023-07-07,T6,Pat Perez,70,68.0,66.0,204.0,-9.0
2023,London,2023-07-07,T6,Thomas Pieters,66,67.0,71.0,204.0,-9.0
2023,London,2023-07-07,T6,Henrik Stenson,69,66.0,69.0,204.0,-9.0
2023,London,2023-07-07,T6,Cameron Tringale,67,69.0,68.0,204.0,-9.0
2023,London,2023-07-07,T11,Abraham Ancer,68,68.0,69.0,205.0,-8.0
2023,London,2023-07-07,T11,Bryson DeChambeau,70,67.0,68.0,205.0,-8.0
2023,London,2023-07-07,T11,Anirban Lahiri,68,69.0,68.0,205.0,-8.0
2023,London,2023-07-07,T11,Kevin Na,72,64.0,69.0,205.0,-8.0
2023,London,2023-07-07,T11,Ian Poulter,69,70.0,66.0,205.0,-8.0
2023,London,2023-07-07,T11,Harold Varner III,72,66.0,67.0,205.0,-8.0
2023,London,2023-07-07,T17,Dean Burmester,70,67.0,69.0,206.0,-7.0
2023,London,2023-07-07,T17,Laurie Canter,67,69.0,70.0,206.0,-7.0
2023,London,2023-07-07,T17,Brooks Koepka,72,66.0,68.0,206.0,-7.0
2023,London,2023-07-07,T17,Peter Uihlein,70,68.0,68.0,206.0,-7.0
2023,London,2023-07-07,T21,Sergio Garcia,69,69.0,69.0,207.0,-6.0
2023,London,2023-07-07,T21,Talor Gooch,67,72.0,68.0,207.0,-6.0
2023,London,2023-07-07,T21,Branden Grace,68,70.0,69.0,207.0,-6.0
2023,London,2023-07-07,T21,Sebastian Munoz,73,69.0,65.0,207.0,-6.0
2023,London,2023-07-07,T21,Joaquin Niemann,69,69.0,69.0,207.0,-6.0
2023,London,2023-07-07,T26,Chase Koepka,70,66.0,72.0,208.0,-5.0
2023,London,2023-07-07,T26,Jason Kokrak,69,69.0,70.0,208.0,-5.0
2023,London,2023-07-07,T26,Eugenio Lopez-Chacarra,72,69.0,67.0,208.0,-5.0
2023,London,2023-07-07,T29,Graeme McDowell,75,65.0,69.0,209.0,-4.0
2023,London,2023-07-07,T29,Brendan Steele,71,67.0,71.0,209.0,-4.0
2023,London,2023-07-07,T31,Matt Jones,73,67.0,70.0,210.0,-3.0
2023,London,2023-07-07,T31,Danny Lee,74,67.0,69.0,210.0,-3.0
2023,London,2023-07-07,T31,Carlos Ortiz,74,69.0,67.0,210.0,-3.0
2023,London,2023-07-07,T31,Charl Schwartzel,71,66.0,73.0,210.0,-3.0
2023,London,2023-07-07,T35,Scott Vincent,78,67.0,66.0,211.0,-2.0
2023,London,2023-07-07,T35,Bernd Wiesberger,72,72.0,67.0,211.0,-2.0
2023,London,2023-07-07,T37,Bubba Watson,70,71.0,71.0,212.0,-1.0
2023,London,2023-07-07,T37,Lee Westwood,69,70.0,73.0,212.0,-1.0
2023,London,2023-07-07,39,Jediah Morgan,75,69.0,69.0,213.0,0.0
2023,London,2023-07-07,T40,Phil Mickelson,71,72.0,71.0,214.0,1.0
2023,London,2023-07-07,T40,Mito Pereira,71,74.0,69.0,214.0,1.0
2023,London,2023-07-07,T40,James Piot,69,70.0,75.0,214.0,1.0
2023,London,2023-07-07,T40,David Puig,73,68.0,73.0,214.0,1.0
2023,London,2023-07-07,T44,Charles Howell III,71,73.0,71.0,215.0,2.0
2023,London,2023-07-07,T44,Martin Kaymer,71,68.0,76.0,215.0,2.0
2023,London,2023-07-07,46,Sihwan Kim,73,74.0,71.0,218.0,5.0
2023,London,2023-07-07,47,Matthew Wolff,73,70.0,78.0,221.0,8.0
2023,London,2023-07-07,WD,Paul Casey,73,65.0,,,
2023,Greenbrier,2023-08-04,1,Bryson DeChambeau,68,61.0,58.0,187.0,-23.0
2023,Greenbrier,2023-08-04,2,Mito Pereira,68,62.0,63.0,193.0,-17.0
2023,Greenbrier,2023-08-04,T3,Richard Bland,66,63.0,65.0,194.0,-16.0
2023,Greenbrier,2023-08-04,T3,David Puig,63,65.0,66.0,194.0,-16.0
2023,Greenbrier,2023-08-04,T3,Matthew Wolff,61,67.0,66.0,194.0,-16.0
2023,Greenbrier,2023-08-04,6,Harold Varner III,63,67.0,66.0,196.0,-14.0
2023,Greenbrier,2023-08-04,T7,Dean Burmester,64,67.0,66.0,197.0,-13.0
2023,Greenbrier,2023-08-04,T7,Talor Gooch,65,64.0,68.0,197.0,-13.0
2023,Greenbrier,2023-08-04,T7,Branden Grace,66,64.0,67.0,197.0,-13.0
2023,Greenbrier,2023-08-04,T7,Carlos Ortiz,66,67.0,64.0,197.0,-13.0
2023,Greenbrier,2023-08-04,T7,Brendan Steele,67,63.0,67.0,197.0,-13.0
2023,Greenbrier,2023-08-04,T12,Sergio Garcia,69,66.0,63.0,198.0,-12.0
2023,Greenbrier,2023-08-04,T12,Charles Howell III,65,66.0,67.0,198.0,-12.0
2023,Greenbrier,2023-08-04,T12,Sebastian Munoz,67,64.0,67.0,198.0,-12.0
2023,Greenbrier,2023-08-04,T12,Cameron Tringale,64,68.0,66.0,198.0,-12.0
2023,Greenbrier,2023-08-04,T12,Scott Vincent,69,64.0,65.0,198.0,-12.0
2023,Greenbrier,2023-08-04,T12,Bernd Wiesberger,66,67.0,65.0,198.0,-12.0
2023,Greenbrier,2023-08-04,T18,Abraham Ancer,70,64.0,66.0,200.0,-10.0
2023,Greenbrier,2023-08-04,T18,Laurie Canter,65,70.0,65.0,200.0,-10.0
2023,Greenbrier,2023-08-04,T18,Anirban Lahiri,69,66.0,65.0,200.0,-10.0
2023,Greenbrier,2023-08-04,T18,James Piot,68,66.0,66.0,200.0,-10.0
2023,Greenbrier,2023-08-04,T18,Lee Westwood,66,69.0,65.0,200.0,-10.0
2023,Greenbrier,2023-08-04,T23,Jason Kokrak,65,68.0,68.0,201.0,-9.0
2023,Greenbrier,2023-08-04,T23,Joaquin Niemann,65,70.0,66.0,201.0,-9.0
2023,Greenbrier,2023-08-04,T25,Eugenio Lopez-Chacarra,69,69.0,64.0,202.0,-8.0
2023,Greenbrier,2023-08-04,T25,Phil Mickelson,66,71.0,65.0,202.0,-8.0
2023,Greenbrier,2023-08-04,T25,Louis Oosthuizen,65,70.0,67.0,202.0,-8.0
2023,Greenbrier,2023-08-04,T25,Henrik Stenson,70,66.0,66.0,202.0,-8.0
2023,Greenbrier,2023-08-04,T29,Graeme McDowell,68,68.0,67.0,203.0,-7.0
2023,Greenbrier,2023-08-04,T29,Ian Poulter,68,66.0,69.0,203.0,-7.0
2023,Greenbrier,2023-08-04,T29,Bubba Watson,67,68.0,68.0,203.0,-7.0
2023,Greenbrier,2023-08-04,T32,Dustin Johnson,65,73.0,66.0,204.0,-6.0
2023,Greenbrier,2023-08-04,T32,Matt Jones,66,68.0,70.0,204.0,-6.0
2023,Greenbrier,2023-08-04,T32,Marc Leishman,70,66.0,68.0,204.0,-6.0
2023,Greenbrier,2023-08-04,T32,Cameron Smith,69,64.0,71.0,204.0,-6.0
2023,Greenbrier,2023-08-04,T36,Paul Casey,68,70.0,67.0,205.0,-5.0
2023,Greenbrier,2023-08-04,T36,Patrick Reed,69,67.0,69.0,205.0,-5.0
2023,Greenbrier,2023-08-04,T38,Brooks Koepka,65,70.0,72.0,207.0,-3.0
2023,Greenbrier,2023-08-04,T38,Danny Lee,71,67.0,69.0,207.0,-3.0
2023,Greenbrier,2023-08-04,T38,Thomas Pieters,69,72.0,66.0,207.0,-3.0
2023,Greenbrier,2023-08-04,T38,Peter Uihlein,65,70.0,72.0,207.0,-3.0
2023,Greenbrier,2023-08-04,42,Chase Koepka,72,68.0,68.0,208.0,-2.0
2023,Greenbrier,2023-08-04,T43,Martin Kaymer,73,67.0,69.0,209.0,-1.0
2023,Greenbrier,2023-08-04,T43,Kevin Na,73,66.0,70.0,209.0,-1.0
2023,Greenbrier,2023-08-04,45,Pat Perez,68,74.0,68.0,210.0,0.0
2023,Greenbrier,2023-08-04,T46,Sihwan Kim,72,72.0,67.0,211.0,1.0
2023,Greenbrier,2023-08-04,T46,Jediah Morgan,73,69.0,69.0,211.0,1.0
2023,Greenbrier,2023-08-04,WD,Charl Schwartzel,68,64.0,,,
2023,Bedminster,2023-08-11,1,Cameron Smith,66,67.0,68.0,201.0,-12.0
2023,Bedminster,2023-08-11,2,Anirban Lahiri,74,64.0,70.0,208.0,-5.0
2023,Bedminster,2023-08-11,T3,Abraham Ancer,69,71.0,69.0,209.0,-4.0
2023,Bedminster,2023-08-11,T3,Dean Burmester,69,68.0,72.0,209.0,-4.0
2023,Bedminster,2023-08-11,T3,Patrick Reed,68,70.0,71.0,209.0,-4.0
2023,Bedminster,2023-08-11,6,Branden Grace,70,69.0,71.0,210.0,-3.0
2023,Bedminster,2023-08-11,T7,Marc Leishman,71,69.0,71.0,211.0,-2.0
2023,Bedminster,2023-08-11,T7,Joaquin Niemann,70,72.0,69.0,211.0,-2.0
2023,Bedminster,2023-08-11,T9,Charles Howell III,67,74.0,71.0,212.0,-1.0
2023,Bedminster,2023-08-11,T9,Phil Mickelson,70,67.0,75.0,212.0,-1.0
2023,Bedminster,2023-08-11,T11,Richard Bland,73,70.0,70.0,213.0,0.0
2023,Bedminster,2023-08-11,T11,Talor Gooch,71,70.0,72.0,213.0,0.0
2023,Bedminster,2023-08-11,T11,Dustin Johnson,68,74.0,71.0,213.0,0.0
2023,Bedminster,2023-08-11,T11,Graeme McDowell,72,71.0,70.0,213.0,0.0
2023,Bedminster,2023-08-11,T11,Kevin Na,71,69.0,73.0,213.0,0.0
2023,Bedminster,2023-08-11,T11,Carlos Ortiz,70,70.0,73.0,213.0,0.0
2023,Bedminster,2023-08-11,T11,Brendan Steele,71,72.0,70.0,213.0,0.0
2023,Bedminster,2023-08-11,T18,Bryson DeChambeau,73,73.0,68.0,214.0,1.0
2023,Bedminster,2023-08-11,T18,Jason Kokrak,69,71.0,74.0,214.0,1.0
2023,Bedminster,2023-08-11,T18,Mito Pereira,73,71.0,70.0,214.0,1.0
2023,Bedminster,2023-08-11,T18,Charl Schwartzel,71,71.0,72.0,214.0,1.0
2023,Bedminster,2023-08-11,T18,Cameron Tringale,70,73.0,71.0,214.0,1.0
2023,Bedminster,2023-08-11,T18,Harold Varner III,71,74.0,69.0,214.0,1.0
2023,Bedminster,2023-08-11,T18,Bubba Watson,69,69.0,76.0,214.0,1.0
2023,Bedminster,2023-08-11,T25,Thomas Pieters,75,69.0,71.0,215.0,2.0
2023,Bedminster,2023-08-11,T25,James Piot,74,70.0,71.0,215.0,2.0
2023,Bedminster,2023-08-11,T27,Jediah Morgan,72,78.0,66.0,216.0,3.0
2023,Bedminster,2023-08-11,T27,David Puig,75,70.0,71.0,216.0,3.0
2023,Bedminster,2023-08-11,T27,Bernd Wiesberger,69,73.0,74.0,216.0,3.0
2023,Bedminster,2023-08-11,T30,Paul Casey,72,72.0,73.0,217.0,4.0
2023,Bedminster,2023-08-11,T30,Sergio Garcia,74,70.0,73.0,217.0,4.0
2023,Bedminster,2023-08-11,T30,Matt Jones,77,70.0,70.0,217.0,4.0
2023,Bedminster,2023-08-11,T33,Laurie Canter,74,69.0,75.0,218.0,5.0
2023,Bedminster,2023-08-11,T33,Sihwan Kim,72,76.0,70.0,218.0,5.0
2023,Bedminster,2023-08-11,T33,Louis Oosthuizen,75,68.0,75.0,218.0,5.0
2023,Bedminster,2023-08-11,T33,Henrik Stenson,71,74.0,73.0,218.0,5.0
2023,Bedminster,2023-08-11,T33,Peter Uihlein,74,70.0,74.0,218.0,5.0
2023,Bedminster,2023-08-11,T38,Brooks Koepka,72,76.0,72.0,220.0,7.0
2023,Bedminster,2023-08-11,T38,Sebastian Munoz,73,74.0,73.0,220.0,7.0
2023,Bedminster,2023-08-11,T38,Ian Poulter,76,69.0,75.0,220.0,7.0
2023,Bedminster,2023-08-11,T38,Scott Vincent,74,70.0,76.0,220.0,7.0
2023,Bedminster,2023-08-11,42,Matthew Wolff,73,73.0,75.0,221.0,8.0
2023,Bedminster,2023-08-11,T43,Eugenio Lopez-Chacarra,79,71.0,73.0,223.0,10.0
2023,Bedminster,2023-08-11,T43,Pat Perez,77,73.0,73.0,223.0,10.0
2023,Bedminster,2023-08-11,45,Chase Koepka,76,77.0,74.0,227.0,14.0
2023,Bedminster,2023-08-11,46,Danny Lee,76,75.0,77.0,228.0,15.0
2023,Bedminster,2023-08-11,47,Martin Kaymer,82,73.0,75.0,230.0,17.0
2023,Bedminster,2023-08-11,48,Lee Westwood,75,80.0,78.0,233.0,20.0
2023,Chicago,2023-09-22,1,Bryson DeChambeau,68,69.0,63.0,200.0,-13.0
2023,Chicago,2023-09-22,T2,Anirban Lahiri,66,66.0,69.0,201.0,-12.0
2023,Chicago,2023-09-22,T2,Marc Leishman,67,68.0,66.0,201.0,-12.0
2023,Chicago,2023-09-22,4,Sebastian Munoz,66,63.0,73.0,202.0,-11.0
2023,Chicago,2023-09-22,T5,Abraham Ancer,68,66.0,69.0,203.0,-10.0
2023,Chicago,2023-09-22,T5,Talor Gooch,68,67.0,68.0,203.0,-10.0
2023,Chicago,2023-09-22,T5,Henrik Stenson,69,67.0,67.0,203.0,-10.0
2023,Chicago,2023-09-22,T5,Peter Uihlein,68,69.0,66.0,203.0,-10.0
2023,Chicago,2023-09-22,T9,Richard Bland,71,66.0,67.0,204.0,-9.0
2023,Chicago,2023-09-22,T9,Dustin Johnson,68,66.0,70.0,204.0,-9.0
2023,Chicago,2023-09-22,T11,Carlos Ortiz,67,68.0,70.0,205.0,-8.0
2023,Chicago,2023-09-22,T11,Thomas Pieters,67,67.0,71.0,205.0,-8.0
2023,Chicago,2023-09-22,T11,Brendan Steele,69,68.0,68.0,205.0,-8.0
2023,Chicago,2023-09-22,T14,Sergio Garcia,66,73.0,67.0,206.0,-7.0
2023,Chicago,2023-09-22,T14,Sam Horsfield,69,69.0,68.0,206.0,-7.0
2023,Chicago,2023-09-22,T14,Eugenio Lopez-Chacarra,68,69.0,69.0,206.0,-7.0
2023,Chicago,2023-09-22,T14,Scott Vincent,67,69.0,70.0,206.0,-7.0
2023,Chicago,2023-09-22,T18,Dean Burmester,67,69.0,71.0,207.0,-6.0
2023,Chicago,2023-09-22,T18,Charles Howell III,67,73.0,67.0,207.0,-6.0
2023,Chicago,2023-09-22,T18,Joaquin Niemann,67,72.0,68.0,207.0,-6.0
2023,Chicago,2023-09-22,T18,Louis Oosthuizen,66,70.0,71.0,207.0,-6.0
2023,Chicago,2023-09-22,T18,Patrick Reed,67,70.0,70.0,207.0,-6.0
2023,Chicago,2023-09-22,T18,Charl Schwartzel,67,71.0,69.0,207.0,-6.0
2023,Chicago,2023-09-22,T24,Brooks Koepka,68,69.0,71.0,208.0,-5.0
2023,Chicago,2023-09-22,T24,Jason Kokrak,67,71.0,70.0,208.0,-5.0
2023,Chicago,2023-09-22,T24,Ian Poulter,69,67.0,72.0,208.0,-5.0
2023,Chicago,2023-09-22,T24,Bubba Watson,69,71.0,68.0,208.0,-5.0
2023,Chicago,2023-09-22,28,Matt Jones,70,70.0,69.0,209.0,-4.0
2023,Chicago,2023-09-22,T29,Branden Grace,69,71.0,70.0,210.0,-3.0
2023,Chicago,2023-09-22,T29,Pat Perez,70,70.0,70.0,210.0,-3.0
2023,Chicago,2023-09-22,T29,Harold Varner III,70,71.0,69.0,210.0,-3.0
2023,Chicago,2023-09-22,T32,Paul Casey,71,72.0,68.0,211.0,-2.0
2023,Chicago,2023-09-22,T32,Graeme McDowell,70,69.0,72.0,211.0,-2.0
2023,Chicago,2023-09-22,T32,Kevin Na,70,70.0,71.0,211.0,-2.0
2023,Chicago,2023-09-22,T32,Mito Pereira,70,70.0,71.0,211.0,-2.0
2023,Chicago,2023-09-22,T32,David Puig,70,68.0,73.0,211.0,-2.0
2023,Chicago,2023-09-22,T37,Jediah Morgan,66,75.0,72.0,213.0,0.0
2023,Chicago,2023-09-22,T37,Cameron Smith,69,71.0,73.0,213.0,0.0
2023,Chicago,2023-09-22,T37,Cameron Tringale,68,72.0,73.0,213.0,0.0
2023,Chicago,2023-09-22,T37,Bernd Wiesberger,71,72.0,70.0,213.0,0.0
2023,Chicago,2023-09-22,T41,Martin Kaymer,72,69.0,73.0,214.0,1.0
2023,Chicago,2023-09-22,T41,James Piot,74,69.0,71.0,214.0,1.0
2023,Chicago,2023-09-22,T41,Lee Westwood,69,69.0,76.0,214.0,1.0
2023,Chicago,2023-09-22,44,Matthew Wolff,68,75.0,72.0,215.0,2.0
2023,Chicago,2023-09-22,45,Phil Mickelson,75,68.0,75.0,218.0,5.0
2023,Chicago,2023-09-22,46,Sihwan Kim,74,73.0,72.0,219.0,6.0
2023,Chicago,2023-09-22,47,Chase Koepka,74,72.0,74.0,220.0,7.0
2023,Chicago,2023-09-22,48,Danny Lee,73,78.0,70.0,221.0,8.0
2023,Jeddah,2023-10-13,1,Brooks Koepka,66,62.0,68.0,196.0,-14.0
2023,Jeddah,2023-10-13,2,Talor Gooch,70,64.0,62.0,196.0,-14.0
2023,Jeddah,2023-10-13,T3,Sergio Garcia,68,63.0,67.0,198.0,-12.0
2023,Jeddah,2023-10-13,T3,Harold Varner III,66,67.0,65.0,198.0,-12.0
2023,Jeddah,2023-10-13,T3,Scott Vincent,70,62.0,66.0,198.0,-12.0
2023,Jeddah,2023-10-13,T6,Charles Howell III,67,64.0,68.0,199.0,-11.0
2023,Jeddah,2023-10-13,T6,Dustin Johnson,66,68.0,65.0,199.0,-11.0
2023,Jeddah,2023-10-13,T6,Mito Pereira,68,65.0,66.0,199.0,-11.0
2023,Jeddah,2023-10-13,T9,Joaquin Niemann,68,65.0,67.0,200.0,-10.0
2023,Jeddah,2023-10-13,T9,Cameron Tringale,69,65.0,66.0,200.0,-10.0
2023,Jeddah,2023-10-13,T11,Abraham Ancer,71,67.0,64.0,202.0,-8.0
2023,Jeddah,2023-10-13,T11,Richard Bland,67,69.0,66.0,202.0,-8.0
2023,Jeddah,2023-10-13,T11,Dean Burmester,71,65.0,66.0,202.0,-8.0
2023,Jeddah,2023-10-13,T11,Bryson DeChambeau,69,63.0,70.0,202.0,-8.0
2023,Jeddah,2023-10-13,T11,Eugenio Lopez-Chacarra,69,66.0,67.0,202.0,-8.0
2023,Jeddah,2023-10-13,T11,Patrick Reed,69,68.0,65.0,202.0,-8.0
2023,Jeddah,2023-10-13,T11,Peter Uihlein,70,68.0,64.0,202.0,-8.0
2023,Jeddah,2023-10-13,T11,Bernd Wiesberger,71,68.0,63.0,202.0,-8.0
2023,Jeddah,2023-10-13,T19,Jason Kokrak,70,65.0,68.0,203.0,-7.0
2023,Jeddah,2023-10-13,T19,Carlos Ortiz,68,71.0,64.0,203.0,-7.0
2023,Jeddah,2023-10-13,T19,Charl Schwartzel,70,67.0,66.0,203.0,-7.0
2023,Jeddah,2023-10-13,T19,Brendan Steele,70,65.0,68.0,203.0,-7.0
2023,Jeddah,2023-10-13,T19,Lee Westwood,70,70.0,63.0,203.0,-7.0
2023,Jeddah,2023-10-13,T24,Paul Casey,68,70.0,66.0,204.0,-6.0
2023,Jeddah,2023-10-13,T24,Matt Jones,69,67.0,68.0,204.0,-6.0
2023,Jeddah,2023-10-13,T24,Martin Kaymer,68,66.0,70.0,204.0,-6.0
2023,Jeddah,2023-10-13,T24,David Puig,71,67.0,66.0,204.0,-6.0
2023,Jeddah,2023-10-13,T24,Cameron Smith,70,68.0,66.0,204.0,-6.0
2023,Jeddah,2023-10-13,T29,Danny Lee,69,67.0,69.0,205.0,-5.0
2023,Jeddah,2023-10-13,T29,Marc Leishman,65,72.0,68.0,205.0,-5.0
2023,Jeddah,2023-10-13,T29,Graeme McDowell,73,69.0,63.0,205.0,-5.0
2023,Jeddah,2023-10-13,T29,Phil Mickelson,69,68.0,68.0,205.0,-5.0
2023,Jeddah,2023-10-13,T29,Louis Oosthuizen,67,69.0,69.0,205.0,-5.0
2023,Jeddah,2023-10-13,T29,Thomas Pieters,71,67.0,67.0,205.0,-5.0
2023,Jeddah,2023-10-13,T35,Kevin Na,70,73.0,63.0,206.0,-4.0
2023,Jeddah,2023-10-13,T35,Henrik Stenson,69,71.0,66.0,206.0,-4.0
2023,Jeddah,2023-10-13,37,Branden Grace,72,68.0,67.0,207.0,-3.0
2023,Jeddah,2023-10-13,T38,Ian Poulter,72,68.0,68.0,208.0,-2.0
2023,Jeddah,2023-10-13,T38,Matthew Wolff,76,65.0,67.0,208.0,-2.0
2023,Jeddah,2023-10-13,T40,Anirban Lahiri,72,67.0,71.0,210.0,0.0
2023,Jeddah,2023-10-13,T40,Sebastian Munoz,70,71.0,69.0,210.0,0.0
2023,Jeddah,2023-10-13,T40,Pat Perez,72,68.0,70.0,210.0,0.0
2023,Jeddah,2023-10-13,T40,Bubba Watson,71,68.0,71.0,210.0,0.0
2023,Jeddah,2023-10-13,T44,Sam Horsfield,70,74.0,68.0,212.0,2.0
2023,Jeddah,2023-10-13,T44,Sihwan Kim,72,71.0,69.0,212.0,2.0
2023,Jeddah,2023-10-13,46,James Piot,71,69.0,73.0,213.0,3.0
2023,Jeddah,2023-10-13,47,Jediah Morgan,71,68.0,76.0,215.0,5.0
2023,Jeddah,2023-10-13,48,Chase Koepka,73,69.0,74.0,216.0,6.0
2024,Mayakoba,2024-02-02,1,Joaquin Niemann,59,72.0,70.0,201.0,-12.0
2024,Mayakoba,2024-02-02,2,Sergio Garcia,65,70.0,66.0,201.0,-12.0
2024,Mayakoba,2024-02-02,T3,Dean Burmester,67,66.0,70.0,203.0,-10.0
2024,Mayakoba,2024-02-02,T3,Jon Rahm,66,67.0,70.0,203.0,-10.0
2024,Mayakoba,2024-02-02,T5,Charles Howell III,68,69.0,68.0,205.0,-8.0
2024,Mayakoba,2024-02-02,T5,Dustin Johnson,67,71.0,67.0,205.0,-8.0
2024,Mayakoba,2024-02-02,T5,Brooks Koepka,69,68.0,68.0,205.0,-8.0
2024,Mayakoba,2024-02-02,T8,Tyrrell Hatton,72,70.0,64.0,206.0,-7.0
2024,Mayakoba,2024-02-02,T8,Louis Oosthuizen,70,69.0,67.0,206.0,-7.0
2024,Mayakoba,2024-02-02,T8,Cameron Smith,69,70.0,67.0,206.0,-7.0
2024,Mayakoba,2024-02-02,T11,Richard Bland,66,74.0,67.0,207.0,-6.0
2024,Mayakoba,2024-02-02,T11,Paul Casey,70,69.0,68.0,207.0,-6.0
2024,Mayakoba,2024-02-02,T13,Sebastian Munoz,68,70.0,70.0,208.0,-5.0
2024,Mayakoba,2024-02-02,T13,Caleb Surratt,71,70.0,67.0,208.0,-5.0
2024,Mayakoba,2024-02-02,T15,Laurie Canter,66,73.0,70.0,209.0,-4.0
2024,Mayakoba,2024-02-02,T15,Talor Gooch,72,69.0,68.0,209.0,-4.0
2024,Mayakoba,2024-02-02,T17,Sam Horsfield,72,69.0,69.0,210.0,-3.0
2024,Mayakoba,2024-02-02,T17,Kevin Na,70,70.0,70.0,210.0,-3.0
2024,Mayakoba,2024-02-02,T17,Patrick Reed,64,73.0,73.0,210.0,-3.0
2024,Mayakoba,2024-02-02,T17,Cameron Tringale,69,70.0,71.0,210.0,-3.0
2024,Mayakoba,2024-02-02,T21,Lucas Herbert,70,70.0,71.0,211.0,-2.0
2024,Mayakoba,2024-02-02,T21,Anirban Lahiri,71,73.0,67.0,211.0,-2.0
2024,Mayakoba,2024-02-02,T21,Brendan Steele,75,66.0,70.0,211.0,-2.0
2024,Mayakoba,2024-02-02,T21,Bubba Watson,69,69.0,73.0,211.0,-2.0
2024,Mayakoba,2024-02-02,T25,Bryson DeChambeau,70,74.0,68.0,212.0,-1.0
2024,Mayakoba,2024-02-02,T25,Matt Jones,73,73.0,66.0,212.0,-1.0
2024,Mayakoba,2024-02-02,T25,Marc Leishman,68,74.0,70.0,212.0,-1.0
2024,Mayakoba,2024-02-02,T28,Abraham Ancer,72,74.0,67.0,213.0,0.0
2024,Mayakoba,2024-02-02,T28,Martin Kaymer,70,76.0,67.0,213.0,0.0
2024,Mayakoba,2024-02-02,T28,Ian Poulter,74,68.0,71.0,213.0,0.0
2024,Mayakoba,2024-02-02,T28,Matthew Wolff,72,73.0,68.0,213.0,0.0
2024,Mayakoba,2024-02-02,T32,Jason Kokrak,73,68.0,73.0,214.0,1.0
2024,Mayakoba,2024-02-02,T32,Eugenio Lopez-Chacarra,73,70.0,71.0,214.0,1.0
2024,Mayakoba,2024-02-02,T32,Kalle Samooja,69,75.0,70.0,214.0,1.0
2024,Mayakoba,2024-02-02,T32,Lee Westwood,75,70.0,69.0,214.0,1.0
2024,Mayakoba,2024-02-02,T36,Henrik Stenson,71,74.0,70.0,215.0,2.0
2024,Mayakoba,2024-02-02,T36,Hudson Swafford,70,75.0,70.0,215.0,2.0
2024,Mayakoba,2024-02-02,T38,Jinichiro Kozuma,71,74.0,71.0,216.0,3.0
2024,Mayakoba,2024-02-02,T38,David Puig,72,73.0,71.0,216.0,3.0
2024,Mayakoba,2024-02-02,T38,Charl Schwartzel,70,76.0,70.0,216.0,3.0
2024,Mayakoba,2024-02-02,T38,Kieran Vincent,72,75.0,69.0,216.0,3.0
2024,Mayakoba,2024-02-02,T38,Scott Vincent,69,73.0,74.0,216.0,3.0
2024,Mayakoba,2024-02-02,T43,Graeme McDowell,71,74.0,72.0,217.0,4.0
2024,Mayakoba,2024-02-02,T43,Carlos Ortiz,76,71.0,70.0,217.0,4.0
2024,Mayakoba,2024-02-02,T43,Mito Pereira,73,74.0,70.0,217.0,4.0
2024,Mayakoba,2024-02-02,T43,Thomas Pieters,72,72.0,73.0,217.0,4.0
2024,Mayakoba,2024-02-02,47,Adrian Meronk,75,70.0,73.0,218.0,5.0
2024,Mayakoba,2024-02-02,48,Danny Lee,71,73.0,75.0,219.0,6.0
2024,Las Vegas,2024-02-08,1,Dustin Johnson,67,62.0,69.0,198.0,-12.0
2024,Las Vegas,2024-02-08,T2,Talor Gooch,66,66.0,67.0,199.0,-11.0
2024,Las Vegas,2024-02-08,T2,Peter Uihlein,66,65.0,68.0,199.0,-11.0
2024,Las Vegas,2024-02-08,4,Matthew Wolff,65,66.0,69.0,200.0,-10.0
2024,Las Vegas,2024-02-08,T5,Paul Casey,63,70.0,68.0,201.0,-9.0
2024,Las Vegas,2024-02-08,T5,Jason Kokrak,65,67.0,69.0,201.0,-9.0
2024,Las Vegas,2024-02-08,T5,Graeme McDowell,66,70.0,65.0,201.0,-9.0
2024,Las Vegas,2024-02-08,8,Jon Rahm,68,63.0,71.0,202.0,-8.0
2024,Las Vegas,2024-02-08,T9,Bryson DeChambeau,67,62.0,74.0,203.0,-7.0
2024,Las Vegas,2024-02-08,T9,Adrian Meronk,67,68.0,68.0,203.0,-7.0
2024,Las Vegas,2024-02-08,T9,Sebastian Munoz,67,68.0,68.0,203.0,-7.0
2024,Las Vegas,2024-02-08,T12,Tyrrell Hatton,67,67.0,70.0,204.0,-6.0
2024,Las Vegas,2024-02-08,T12,Brooks Koepka,68,67.0,69.0,204.0,-6.0
2024,Las Vegas,2024-02-08,T12,Caleb Surratt,67,69.0,68.0,204.0,-6.0
2024,Las Vegas,2024-02-08,T15,Richard Bland,69,65.0,71.0,205.0,-5.0
2024,Las Vegas,2024-02-08,T15,Pat Perez,67,69.0,69.0,205.0,-5.0
2024,Las Vegas,2024-02-08,T15,David Puig,67,67.0,71.0,205.0,-5.0
2024,Las Vegas,2024-02-08,T15,Cameron Smith,67,66.0,72.0,205.0,-5.0
2024,Las Vegas,2024-02-08,T15,Henrik Stenson,68,67.0,70.0,205.0,-5.0
2024,Las Vegas,2024-02-08,T15,Bubba Watson,65,68.0,72.0,205.0,-5.0
2024,Las Vegas,2024-02-08,T21,Abraham Ancer,67,68.0,71.0,206.0,-4.0
2024,Las Vegas,2024-02-08,T21,Laurie Canter,69,64.0,73.0,206.0,-4.0
2024,Las Vegas,2024-02-08,T21,Branden Grace,69,65.0,72.0,206.0,-4.0
2024,Las Vegas,2024-02-08,T21,Marc Leishman,69,67.0,70.0,206.0,-4.0
2024,Las Vegas,2024-02-08,T21,Ian Poulter,70,69.0,67.0,206.0,-4.0
2024,Las Vegas,2024-02-08,T26,Sergio Garcia,69,68.0,70.0,207.0,-3.0
2024,Las Vegas,2024-02-08,T26,Sam Horsfield,71,69.0,67.0,207.0,-3.0
2024,Las Vegas,2024-02-08,T26,Kalle Samooja,69,70.0,68.0,207.0,-3.0
2024,Las Vegas,2024-02-08,T26,Harold Varner III,63,74.0,70.0,207.0,-3.0
2024,Las Vegas,2024-02-08,T30,Eugenio Lopez-Chacarra,68,69.0,71.0,208.0,-2.0
2024,Las Vegas,2024-02-08,T30,Phil Mickelson,70,67.0,71.0,208.0,-2.0
2024,Las Vegas,2024-02-08,T30,Joaquin Niemann,68,66.0,74.0,208.0,-2.0
2024,Las Vegas,2024-02-08,T30,Thomas Pieters,65,70.0,73.0,208.0,-2.0
2024,Las Vegas,2024-02-08,T34,Charles Howell III,71,68.0,70.0,209.0,-1.0
2024,Las Vegas,2024-02-08,T34,Matt Jones,73,67.0,69.0,209.0,-1.0
2024,Las Vegas,2024-02-08,T34,Jinichiro Kozuma,68,66.0,75.0,209.0,-1.0
2024,Las Vegas,2024-02-08,T34,Kevin Na,70,68.0,71.0,209.0,-1.0
2024,Las Vegas,2024-02-08,T34,Cameron Tringale,69,68.0,72.0,209.0,-1.0
2024,Las Vegas,2024-02-08,T39,Dean Burmester,70,69.0,71.0,210.0,0.0
2024,Las Vegas,2024-02-08,T39,Anirban Lahiri,66,70.0,74.0,210.0,0.0
2024,Las Vegas,2024-02-08,T39,Danny Lee,68,72.0,70.0,210.0,0.0
2024,Las Vegas,2024-02-08,T39,Carlos Ortiz,68,73.0,69.0,210.0,0.0
2024,Las Vegas,2024-02-08,T39,Patrick Reed,72,66.0,72.0,210.0,0.0
2024,Las Vegas,2024-02-08,T39,Lee Westwood,69,69.0,72.0,210.0,0.0
2024,Las Vegas,2024-02-08,T45,Lucas Herbert,68,67.0,76.0,211.0,1.0
2024,Las Vegas,2024-02-08,T45,Andy Ogletree,67,67.0,77.0,211.0,1.0
2024,Las Vegas,2024-02-08,T45,Kieran Vincent,68,69.0,74.0,211.0,1.0
2024,Las Vegas,2024-02-08,T45,Scott Vincent,68,72.0,71.0,211.0,1.0
2024,Las Vegas,2024-02-08,49,Mito Pereira,76,64.0,72.0,212.0,2.0
2024,Las Vegas,2024-02-08,50,Louis Oosthuizen,73,67.0,73.0,213.0,3.0
2024,Las Vegas,2024-02-08,T51,Martin Kaymer,71,70.0,76.0,217.0,7.0
2024,Las Vegas,2024-02-08,T51,Hudson Swafford,69,78.0,70.0,217.0,7.0
2024,Las Vegas,2024-02-08,T53,Charl Schwartzel,69,71.0,80.0,220.0,10.0
2024,Las Vegas,2024-02-08,T53,Brendan Steele,73,67.0,80.0,220.0,10.0
2024,Jeddah,2024-03-01,1,Joaquin Niemann,63,64.0,66.0,193.0,-17.0
2024,Jeddah,2024-03-01,T2,Louis Oosthuizen,64,66.0,67.0,197.0,-13.0
2024,Jeddah,2024-03-01,T2,Charl Schwartzel,63,66.0,68.0,197.0,-13.0
2024,Jeddah,2024-03-01,4,Bryson DeChambeau,63,73.0,62.0,198.0,-12.0
2024,Jeddah,2024-03-01,5,Jon Rahm,62,69.0,68.0,199.0,-11.0
2024,Jeddah,2024-03-01,T6,Talor Gooch,65,68.0,67.0,200.0,-10.0
2024,Jeddah,2024-03-01,T6,Charles Howell III,67,69.0,64.0,200.0,-10.0
2024,Jeddah,2024-03-01,T6,Jason Kokrak,68,62.0,70.0,200.0,-10.0
2024,Jeddah,2024-03-01,T6,Anirban Lahiri,68,67.0,65.0,200.0,-10.0
2024,Jeddah,2024-03-01,T6,Adrian Meronk,62,69.0,69.0,200.0,-10.0
2024,Jeddah,2024-03-01,T6,Phil Mickelson,65,68.0,67.0,200.0,-10.0
2024,Jeddah,2024-03-01,T12,Abraham Ancer,68,63.0,70.0,201.0,-9.0
2024,Jeddah,2024-03-01,T12,Brooks Koepka,69,66.0,66.0,201.0,-9.0
2024,Jeddah,2024-03-01,14,Matt Jones,70,66.0,66.0,202.0,-8.0
2024,Jeddah,2024-03-01,T15,Dean Burmester,67,67.0,69.0,203.0,-7.0
2024,Jeddah,2024-03-01,T15,Sergio Garcia,67,71.0,65.0,203.0,-7.0
2024,Jeddah,2024-03-01,T15,Branden Grace,67,65.0,71.0,203.0,-7.0
2024,Jeddah,2024-03-01,T15,Tyrrell Hatton,65,69.0,69.0,203.0,-7.0
2024,Jeddah,2024-03-01,T15,Kevin Na,66,66.0,71.0,203.0,-7.0
2024,Jeddah,2024-03-01,T15,Carlos Ortiz,69,69.0,65.0,203.0,-7.0
2024,Jeddah,2024-03-01,T15,David Puig,68,68.0,67.0,203.0,-7.0
2024,Jeddah,2024-03-01,T22,Lucas Herbert,65,66.0,73.0,204.0,-6.0
2024,Jeddah,2024-03-01,T22,Sebastian Munoz,67,68.0,69.0,204.0,-6.0
2024,Jeddah,2024-03-01,T22,Pat Perez,68,69.0,67.0,204.0,-6.0
2024,Jeddah,2024-03-01,T22,Brendan Steele,65,69.0,70.0,204.0,-6.0
2024,Jeddah,2024-03-01,T22,Cameron Tringale,68,66.0,70.0,204.0,-6.0
2024,Jeddah,2024-03-01,T27,Dustin Johnson,66,72.0,67.0,205.0,-5.0
2024,Jeddah,2024-03-01,T27,Danny Lee,72,69.0,64.0,205.0,-5.0
2024,Jeddah,2024-03-01,T29,Paul Casey,69,68.0,69.0,206.0,-4.0
2024,Jeddah,2024-03-01,T29,Sam Horsfield,68,70.0,68.0,206.0,-4.0
2024,Jeddah,2024-03-01,T31,Richard Bland,68,69.0,70.0,207.0,-3.0
2024,Jeddah,2024-03-01,T31,Jinichiro Kozuma,65,70.0,72.0,207.0,-3.0
2024,Jeddah,2024-03-01,T31,Graeme McDowell,72,69.0,66.0,207.0,-3.0
2024,Jeddah,2024-03-01,T31,Mito Pereira,70,69.0,68.0,207.0,-3.0
2024,Jeddah,2024-03-01,T31,Henrik Stenson,68,69.0,70.0,207.0,-3.0
2024,Jeddah,2024-03-01,T31,Kieran Vincent,70,67.0,70.0,207.0,-3.0
2024,Jeddah,2024-03-01,T37,Thomas Pieters,70,67.0,71.0,208.0,-2.0
2024,Jeddah,2024-03-01,T37,Patrick Reed,65,70.0,73.0,208.0,-2.0
2024,Jeddah,2024-03-01,T37,Peter Uihlein,67,71.0,70.0,208.0,-2.0
2024,Jeddah,2024-03-01,T37,Harold Varner III,68,69.0,71.0,208.0,-2.0
2024,Jeddah,2024-03-01,T41,Marc Leishman,72,66.0,71.0,209.0,-1.0
2024,Jeddah,2024-03-01,T41,Andy Ogletree,71,69.0,69.0,209.0,-1.0
2024,Jeddah,2024-03-01,T41,Cameron Smith,69,70.0,70.0,209.0,-1.0
2024,Jeddah,2024-03-01,T41,Scott Vincent,67,75.0,67.0,209.0,-1.0
2024,Jeddah,2024-03-01,45,Martin Kaymer,69,70.0,71.0,210.0,0.0
2024,Jeddah,2024-03-01,T46,Kalle Samooja,70,69.0,72.0,211.0,1.0
2024,Jeddah,2024-03-01,T46,Bubba Watson,74,66.0,71.0,211.0,1.0
2024,Jeddah,2024-03-01,T48,Eugenio Lopez-Chacarra,71,69.0,72.0,212.0,2.0
2024,Jeddah,2024-03-01,T48,Caleb Surratt,66,75.0,71.0,212.0,2.0
2024,Jeddah,2024-03-01,50,Lee Westwood,69,70.0,74.0,213.0,3.0
2024,Jeddah,2024-03-01,51,Ian Poulter,70,73.0,71.0,214.0,4.0
2024,Jeddah,2024-03-01,52,Hudson Swafford,72,70.0,73.0,215.0,5.0
2024,Jeddah,2024-03-01,53,Anthony Kim,76,76.0,74.0,226.0,16.0
2024,Jeddah,2024-03-01,WD,Matthew Wolff,70,,,,
2024,Hong Kong,2024-03-07,1,Abraham Ancer,63,62.0,72.0,197.0,-13.0
2024,Hong Kong,2024-03-07,T2,Paul Casey,66,67.0,64.0,197.0,-13.0
2024,Hong Kong,2024-03-07,T2,Cameron Smith,67,64.0,66.0,197.0,-13.0
2024,Hong Kong,2024-03-07,T4,Joaquin Niemann,67,68.0,63.0,198.0,-12.0
2024,Hong Kong,2024-03-07,T4,Carlos Ortiz,68,64.0,66.0,198.0,-12.0
2024,Hong Kong,2024-03-07,T6,Bryson DeChambeau,65,68.0,66.0,199.0,-11.0
2024,Hong Kong,2024-03-07,T6,Kevin Na,67,68.0,64.0,199.0,-11.0
2024,Hong Kong,2024-03-07,T8,Richard Bland,66,68.0,66.0,200.0,-10.0
2024,Hong Kong,2024-03-07,T8,Dean Burmester,63,69.0,68.0,200.0,-10.0
2024,Hong Kong,2024-03-07,T8,Charles Howell III,64,69.0,67.0,200.0,-10.0
2024,Hong Kong,2024-03-07,T8,Graeme McDowell,69,64.0,67.0,200.0,-10.0
2024,Hong Kong,2024-03-07,T8,Ian Poulter,66,66.0,68.0,200.0,-10.0
2024,Hong Kong,2024-03-07,T8,Jon Rahm,67,64.0,69.0,200.0,-10.0
2024,Hong Kong,2024-03-07,T8,Henrik Stenson,66,65.0,69.0,200.0,-10.0
2024,Hong Kong,2024-03-07,T15,Lucas Herbert,70,64.0,67.0,201.0,-9.0
2024,Hong Kong,2024-03-07,T15,Eugenio Lopez-Chacarra,64,66.0,71.0,201.0,-9.0
2024,Hong Kong,2024-03-07,T15,Adrian Meronk,68,64.0,69.0,201.0,-9.0
2024,Hong Kong,2024-03-07,T15,Harold Varner III,64,66.0,71.0,201.0,-9.0
2024,Hong Kong,2024-03-07,T19,Sam Horsfield,71,66.0,65.0,202.0,-8.0
2024,Hong Kong,2024-03-07,T19,Louis Oosthuizen,64,70.0,68.0,202.0,-8.0
2024,Hong Kong,2024-03-07,T21,Talor Gooch,69,68.0,66.0,203.0,-7.0
2024,Hong Kong,2024-03-07,T21,Tyrrell Hatton,68,65.0,70.0,203.0,-7.0
2024,Hong Kong,2024-03-07,T21,Dustin Johnson,70,70.0,63.0,203.0,-7.0
2024,Hong Kong,2024-03-07,T21,Matt Jones,64,68.0,71.0,203.0,-7.0
2024,Hong Kong,2024-03-07,T21,Martin Kaymer,64,72.0,67.0,203.0,-7.0
2024,Hong Kong,2024-03-07,T21,Sebastian Munoz,66,66.0,71.0,203.0,-7.0
2024,Hong Kong,2024-03-07,T21,Scott Vincent,67,68.0,68.0,203.0,-7.0
2024,Hong Kong,2024-03-07,28,Brooks Koepka,65,68.0,71.0,204.0,-6.0
2024,Hong Kong,2024-03-07,T29,Marc Leishman,68,68.0,69.0,205.0,-5.0
2024,Hong Kong,2024-03-07,T29,Andy Ogletree,69,66.0,70.0,205.0,-5.0
2024,Hong Kong,2024-03-07,T29,Patrick Reed,67,69.0,69.0,205.0,-5.0
2024,Hong Kong,2024-03-07,T29,Peter Uihlein,73,65.0,67.0,205.0,-5.0
2024,Hong Kong,2024-03-07,T29,Bubba Watson,68,67.0,70.0,205.0,-5.0
2024,Hong Kong,2024-03-07,T34,Anirban Lahiri,66,71.0,69.0,206.0,-4.0
2024,Hong Kong,2024-03-07,T34,David Puig,72,66.0,68.0,206.0,-4.0
2024,Hong Kong,2024-03-07,T34,Brendan Steele,70,69.0,67.0,206.0,-4.0
2024,Hong Kong,2024-03-07,T34,Cameron Tringale,66,71.0,69.0,206.0,-4.0
2024,Hong Kong,2024-03-07,T38,Sergio Garcia,71,66.0,70.0,207.0,-3.0
2024,Hong Kong,2024-03-07,T38,Pat Perez,69,65.0,73.0,207.0,-3.0
2024,Hong Kong,2024-03-07,T38,Caleb Surratt,70,71.0,66.0,207.0,-3.0
2024,Hong Kong,2024-03-07,T41,Jinichiro Kozuma,70,68.0,70.0,208.0,-2.0
2024,Hong Kong,2024-03-07,T41,Danny Lee,70,68.0,70.0,208.0,-2.0
2024,Hong Kong,2024-03-07,T41,Kalle Samooja,69,68.0,71.0,208.0,-2.0
2024,Hong Kong,2024-03-07,T41,Charl Schwartzel,70,68.0,70.0,208.0,-2.0
2024,Hong Kong,2024-03-07,T45,Branden Grace,67,70.0,72.0,209.0,-1.0
2024,Hong Kong,2024-03-07,T45,Lee Westwood,74,68.0,67.0,209.0,-1.0
2024,Hong Kong,2024-03-07,T45,Matthew Wolff,67,73.0,69.0,209.0,-1.0
2024,Hong Kong,2024-03-07,T48,Mito Pereira,69,73.0,68.0,210.0,0.0
2024,Hong Kong,2024-03-07,T48,Thomas Pieters,71,68.0,71.0,210.0,0.0
2024,Hong Kong,2024-03-07,50,Anthony Kim,76,72.0,65.0,213.0,3.0
2024,Hong Kong,2024-03-07,51,Jason Kokrak,73,74.0,69.0,216.0,6.0
2024,Hong Kong,2024-03-07,T52,Phil Mickelson,80,68.0,70.0,218.0,8.0
2024,Hong Kong,2024-03-07,T52,Hudson Swafford,76,73.0,69.0,218.0,8.0
2024,Hong Kong,2024-03-07,54,Kieran Vincent,69,74.0,76.0,219.0,9.0
2024,Miami,2024-04-05,1,Dean Burmester,68,69.0,68.0,205.0,-11.0
2024,Miami,2024-04-05,2,Sergio Garcia,67,68.0,70.0,205.0,-11.0
2024,Miami,2024-04-05,3,Matthew Wolff,68,69.0,69.0,206.0,-10.0
2024,Miami,2024-04-05,T4,Tyrrell Hatton,70,67.0,71.0,208.0,-8.0
2024,Miami,2024-04-05,T4,Marc Leishman,70,69.0,69.0,208.0,-8.0
2024,Miami,2024-04-05,T4,Jon Rahm,69,70.0,69.0,208.0,-8.0
2024,Miami,2024-04-05,T7,Bryson DeChambeau,71,70.0,68.0,209.0,-7.0
2024,Miami,2024-04-05,T7,Louis Oosthuizen,70,68.0,71.0,209.0,-7.0
2024,Miami,2024-04-05,T9,Abraham Ancer,73,69.0,68.0,210.0,-6.0
2024,Miami,2024-04-05,T9,Talor Gooch,67,70.0,73.0,210.0,-6.0
2024,Miami,2024-04-05,T9,Joaquin Niemann,71,69.0,70.0,210.0,-6.0
2024,Miami,2024-04-05,T9,Thomas Pieters,72,69.0,69.0,210.0,-6.0
2024,Miami,2024-04-05,T9,Patrick Reed,69,69.0,72.0,210.0,-6.0
2024,Miami,2024-04-05,T14,Richard Bland,71,67.0,73.0,211.0,-5.0
2024,Miami,2024-04-05,T14,Paul Casey,71,71.0,69.0,211.0,-5.0
2024,Miami,2024-04-05,T14,Carlos Ortiz,74,69.0,68.0,211.0,-5.0
2024,Miami,2024-04-05,17,Adrian Meronk,72,66.0,74.0,212.0,-4.0
2024,Miami,2024-04-05,T18,Brendan Steele,69,72.0,72.0,213.0,-3.0
2024,Miami,2024-04-05,T18,Caleb Surratt,69,74.0,70.0,213.0,-3.0
2024,Miami,2024-04-05,T18,Peter Uihlein,67,73.0,73.0,213.0,-3.0
2024,Miami,2024-04-05,T21,Cameron Tringale,73,70.0,71.0,214.0,-2.0
2024,Miami,2024-04-05,T21,Harold Varner III,70,74.0,70.0,214.0,-2.0
2024,Miami,2024-04-05,T21,Scott Vincent,68,74.0,72.0,214.0,-2.0
2024,Miami,2024-04-05,T24,Dustin Johnson,70,71.0,74.0,215.0,-1.0
2024,Miami,2024-04-05,T24,Kevin Na,70,72.0,73.0,215.0,-1.0
2024,Miami,2024-04-05,T24,Kieran Vincent,72,66.0,77.0,215.0,-1.0
2024,Miami,2024-04-05,T27,Jason Kokrak,76,72.0,68.0,216.0,0.0
2024,Miami,2024-04-05,T27,Sebastian Munoz,74,74.0,68.0,216.0,0.0
2024,Miami,2024-04-05,T29,Graeme McDowell,74,73.0,70.0,217.0,1.0
2024,Miami,2024-04-05,T29,Ian Poulter,72,74.0,71.0,217.0,1.0
2024,Miami,2024-04-05,T29,Henrik Stenson,73,71.0,73.0,217.0,1.0
2024,Miami,2024-04-05,T32,Branden Grace,75,71.0,72.0,218.0,2.0
2024,Miami,2024-04-05,T32,Matt Jones,74,75.0,69.0,218.0,2.0
2024,Miami,2024-04-05,T32,Mito Pereira,69,71.0,78.0,218.0,2.0
2024,Miami,2024-04-05,T32,Bubba Watson,68,76.0,74.0,218.0,2.0
2024,Miami,2024-04-05,36,Anirban Lahiri,72,70.0,77.0,219.0,3.0
2024,Miami,2024-04-05,T37,Danny Lee,76,72.0,72.0,220.0,4.0
2024,Miami,2024-04-05,T37,Charl Schwartzel,73,72.0,75.0,220.0,4.0
2024,Miami,2024-04-05,T39,Martin Kaymer,72,73.0,76.0,221.0,5.0
2024,Miami,2024-04-05,T39,Eugenio Lopez-Chacarra,73,72.0,76.0,221.0,5.0
2024,Miami,2024-04-05,T39,David Puig,75,75.0,71.0,221.0,5.0
2024,Miami,2024-04-05,T39,Kalle Samooja,71,73.0,77.0,221.0,5.0
2024,Miami,2024-04-05,T43,Charles Howell III,79,73.0,70.0,222.0,6.0
2024,Miami,2024-04-05,T43,Hudson Swafford,75,75.0,72.0,222.0,6.0
2024,Miami,2024-04-05,T45,Brooks Koepka,69,77.0,77.0,223.0,7.0
2024,Miami,2024-04-05,T45,Lee Westwood,75,75.0,73.0,223.0,7.0
2024,Miami,2024-04-05,47,Phil Mickelson,76,72.0,76.0,224.0,8.0
2024,Miami,2024-04-05,T48,Sam Horsfield,81,71.0,73.0,225.0,9.0
2024,Miami,2024-04-05,T48,Pat Perez,74,75.0,76.0,225.0,9.0
2024,Miami,2024-04-05,50,Andy Ogletree,79,73.0,75.0,227.0,11.0
2024,Miami,2024-04-05,T51,Lucas Herbert,73,77.0,81.0,231.0,15.0
2024,Miami,2024-04-05,T51,Jinichiro Kozuma,80,75.0,76.0,231.0,15.0
2024,Miami,2024-04-05,53,Anthony Kim,76,81.0,80.0,237.0,21.0
2024,Miami,2024-04-05,WD,Cameron Smith,75,,,,
2024,Adelaide,2024-04-25,1,Brendan Steele,66,64.0,68.0,198.0,-18.0
2024,Adelaide,2024-04-25,2,Louis Oosthuizen,68,66.0,65.0,199.0,-17.0
2024,Adelaide,2024-04-25,T3,Dean Burmester,67,66.0,67.0,200.0,-16.0
2024,Adelaide,2024-04-25,T3,Joaquin Niemann,67,67.0,66.0,200.0,-16.0
2024,Adelaide,2024-04-25,T3,Andy Ogletree,65,70.0,65.0,200.0,-16.0
2024,Adelaide,2024-04-25,T3,Jon Rahm,67,69.0,64.0,200.0,-16.0
2024,Adelaide,2024-04-25,T3,Charl Schwartzel,69,67.0,64.0,200.0,-16.0
2024,Adelaide,2024-04-25,8,Mito Pereira,65,67.0,69.0,201.0,-15.0
2024,Adelaide,2024-04-25,T9,Abraham Ancer,69,69.0,64.0,202.0,-14.0
2024,Adelaide,2024-04-25,T9,Matt Jones,66,68.0,68.0,202.0,-14.0
2024,Adelaide,2024-04-25,T9,Brooks Koepka,70,66.0,66.0,202.0,-14.0
2024,Adelaide,2024-04-25,T9,Jinichiro Kozuma,63,71.0,68.0,202.0,-14.0
2024,Adelaide,2024-04-25,T9,Danny Lee,64,67.0,71.0,202.0,-14.0
2024,Adelaide,2024-04-25,T14,Tyrrell Hatton,70,66.0,67.0,203.0,-13.0
2024,Adelaide,2024-04-25,T14,Lucas Herbert,73,65.0,65.0,203.0,-13.0
2024,Adelaide,2024-04-25,T14,Martin Kaymer,71,68.0,64.0,203.0,-13.0
2024,Adelaide,2024-04-25,T14,Anirban Lahiri,65,71.0,67.0,203.0,-13.0
2024,Adelaide,2024-04-25,T14,Marc Leishman,67,71.0,65.0,203.0,-13.0
2024,Adelaide,2024-04-25,T14,Thomas Pieters,69,67.0,67.0,203.0,-13.0
2024,Adelaide,2024-04-25,T14,Cameron Smith,68,65.0,70.0,203.0,-13.0
2024,Adelaide,2024-04-25,21,Cameron Tringale,68,65.0,71.0,204.0,-12.0
2024,Adelaide,2024-04-25,T22,Richard Bland,68,68.0,69.0,205.0,-11.0
2024,Adelaide,2024-04-25,T22,Talor Gooch,68,68.0,69.0,205.0,-11.0
2024,Adelaide,2024-04-25,T22,Carlos Ortiz,64,68.0,73.0,205.0,-11.0
2024,Adelaide,2024-04-25,T22,Patrick Reed,67,66.0,72.0,205.0,-11.0
2024,Adelaide,2024-04-25,T22,Caleb Surratt,68,69.0,68.0,205.0,-11.0
2024,Adelaide,2024-04-25,T27,Bryson DeChambeau,68,68.0,70.0,206.0,-10.0
2024,Adelaide,2024-04-25,T27,Charles Howell III,70,65.0,71.0,206.0,-10.0
2024,Adelaide,2024-04-25,T27,Adrian Meronk,72,68.0,66.0,206.0,-10.0
2024,Adelaide,2024-04-25,T27,Matthew Wolff,71,66.0,69.0,206.0,-10.0
2024,Adelaide,2024-04-25,T31,Paul Casey,67,72.0,68.0,207.0,-9.0
2024,Adelaide,2024-04-25,T31,Dustin Johnson,72,66.0,69.0,207.0,-9.0
2024,Adelaide,2024-04-25,T31,Pat Perez,69,70.0,68.0,207.0,-9.0
2024,Adelaide,2024-04-25,T34,Kevin Na,74,65.0,69.0,208.0,-8.0
2024,Adelaide,2024-04-25,T34,Peter Uihlein,65,72.0,71.0,208.0,-8.0
2024,Adelaide,2024-04-25,T34,Bubba Watson,70,67.0,71.0,208.0,-8.0
2024,Adelaide,2024-04-25,T34,Lee Westwood,70,69.0,69.0,208.0,-8.0
2024,Adelaide,2024-04-25,T38,Phil Mickelson,69,70.0,70.0,209.0,-7.0
2024,Adelaide,2024-04-25,T38,Sebastian Munoz,73,67.0,69.0,209.0,-7.0
2024,Adelaide,2024-04-25,T40,Sergio Garcia,71,73.0,66.0,210.0,-6.0
2024,Adelaide,2024-04-25,T40,Branden Grace,73,69.0,68.0,210.0,-6.0
2024,Adelaide,2024-04-25,T40,Sam Horsfield,71,68.0,71.0,210.0,-6.0
2024,Adelaide,2024-04-25,T40,David Puig,72,69.0,69.0,210.0,-6.0
2024,Adelaide,2024-04-25,T40,Kalle Samooja,69,72.0,69.0,210.0,-6.0
2024,Adelaide,2024-04-25,45,Eugenio Lopez-Chacarra,75,69.0,67.0,211.0,-5.0
2024,Adelaide,2024-04-25,T46,Graeme McDowell,75,66.0,71.0,212.0,-4.0
2024,Adelaide,2024-04-25,T46,Scott Vincent,70,69.0,73.0,212.0,-4.0
2024,Adelaide,2024-04-25,48,Harold Varner III,72,69.0,72.0,213.0,-3.0
2024,Adelaide,2024-04-25,49,Jason Kokrak,75,70.0,69.0,214.0,-2.0
2024,Adelaide,2024-04-25,50,Kieran Vincent,72,73.0,70.0,215.0,-1.0
2024,Adelaide,2024-04-25,51,Henrik Stenson,73,75.0,71.0,219.0,3.0
2024,Adelaide,2024-04-25,T52,Ian Poulter,72,74.0,74.0,220.0,4.0
2024,Adelaide,2024-04-25,T52,Hudson Swafford,74,74.0,72.0,220.0,4.0
2024,Adelaide,2024-04-25,54,Anthony Kim,71,72.0,79.0,222.0,6.0
2024,Singapore,2024-05-02,1,Brooks Koepka,66,64.0,68.0,198.0,-15.0
2024,Singapore,2024-05-02,T2,Marc Leishman,67,67.0,66.0,200.0,-13.0
2024,Singapore,2024-05-02,T2,Cameron Smith,71,65.0,64.0,200.0,-13.0
2024,Singapore,2024-05-02,4,Talor Gooch,68,66.0,67.0,201.0,-12.0
2024,Singapore,2024-05-02,T5,Tyrrell Hatton,68,68.0,66.0,202.0,-11.0
2024,Singapore,2024-05-02,T5,Thomas Pieters,66,67.0,69.0,202.0,-11.0
2024,Singapore,2024-05-02,T7,Dustin Johnson,67,70.0,66.0,203.0,-10.0
2024,Singapore,2024-05-02,T7,Kevin Na,66,70.0,67.0,203.0,-10.0
2024,Singapore,2024-05-02,T7,Joaquin Niemann,67,69.0,67.0,203.0,-10.0
2024,Singapore,2024-05-02,T10,Abraham Ancer,66,67.0,71.0,204.0,-9.0
2024,Singapore,2024-05-02,T10,Eugenio Lopez-Chacarra,67,69.0,68.0,204.0,-9.0
2024,Singapore,2024-05-02,T10,Adrian Meronk,67,66.0,71.0,204.0,-9.0
2024,Singapore,2024-05-02,T10,Jon Rahm,69,68.0,67.0,204.0,-9.0
2024,Singapore,2024-05-02,T14,Dean Burmester,67,70.0,68.0,205.0,-8.0
2024,Singapore,2024-05-02,T14,Sergio Garcia,69,68.0,68.0,205.0,-8.0
2024,Singapore,2024-05-02,T14,Patrick Reed,71,68.0,66.0,205.0,-8.0
2024,Singapore,2024-05-02,T14,Kalle Samooja,72,69.0,64.0,205.0,-8.0
2024,Singapore,2024-05-02,T14,Cameron Tringale,66,68.0,71.0,205.0,-8.0
2024,Singapore,2024-05-02,T19,Martin Kaymer,66,69.0,71.0,206.0,-7.0
2024,Singapore,2024-05-02,T19,Sebastian Munoz,65,70.0,71.0,206.0,-7.0
2024,Singapore,2024-05-02,T19,Carlos Ortiz,72,70.0,64.0,206.0,-7.0
2024,Singapore,2024-05-02,T22,Richard Bland,70,68.0,69.0,207.0,-6.0
2024,Singapore,2024-05-02,T22,Phil Mickelson,72,68.0,67.0,207.0,-6.0
2024,Singapore,2024-05-02,T22,Louis Oosthuizen,67,69.0,71.0,207.0,-6.0
2024,Singapore,2024-05-02,T22,Peter Uihlein,69,70.0,68.0,207.0,-6.0
2024,Singapore,2024-05-02,T22,Kieran Vincent,68,68.0,71.0,207.0,-6.0
2024,Singapore,2024-05-02,T27,Bryson DeChambeau,73,66.0,69.0,208.0,-5.0
2024,Singapore,2024-05-02,T27,Lucas Herbert,67,67.0,74.0,208.0,-5.0
2024,Singapore,2024-05-02,T27,David Puig,70,70.0,68.0,208.0,-5.0
2024,Singapore,2024-05-02,T30,Anirban Lahiri,70,69.0,70.0,209.0,-4.0
2024,Singapore,2024-05-02,T30,Matthew Wolff,68,65.0,76.0,209.0,-4.0
2024,Singapore,2024-05-02,T32,Paul Casey,69,71.0,70.0,210.0,-3.0
2024,Singapore,2024-05-02,T32,Branden Grace,69,72.0,69.0,210.0,-3.0
2024,Singapore,2024-05-02,T32,Harold Varner III,71,67.0,72.0,210.0,-3.0
2024,Singapore,2024-05-02,T35,Ian Poulter,70,68.0,73.0,211.0,-2.0
2024,Singapore,2024-05-02,T35,Charl Schwartzel,70,70.0,71.0,211.0,-2.0
2024,Singapore,2024-05-02,T37,Matt Jones,74,68.0,70.0,212.0,-1.0
2024,Singapore,2024-05-02,T37,Graeme McDowell,68,73.0,71.0,212.0,-1.0
2024,Singapore,2024-05-02,T37,Scott Vincent,70,66.0,76.0,212.0,-1.0
2024,Singapore,2024-05-02,T40,Charles Howell III,76,66.0,71.0,213.0,0.0
2024,Singapore,2024-05-02,T40,Jason Kokrak,69,71.0,73.0,213.0,0.0
2024,Singapore,2024-05-02,T40,Brendan Steele,68,74.0,71.0,213.0,0.0
2024,Singapore,2024-05-02,T40,Caleb Surratt,72,70.0,71.0,213.0,0.0
2024,Singapore,2024-05-02,44,Henrik Stenson,73,68.0,73.0,214.0,1.0
2024,Singapore,2024-05-02,T45,Andy Ogletree,77,71.0,67.0,215.0,2.0
2024,Singapore,2024-05-02,T45,Bubba Watson,71,77.0,67.0,215.0,2.0
2024,Singapore,2024-05-02,T47,Sam Horsfield,71,75.0,70.0,216.0,3.0
2024,Singapore,2024-05-02,T47,Mito Pereira,76,70.0,70.0,216.0,3.0
2024,Singapore,2024-05-02,T49,Danny Lee,72,76.0,69.0,217.0,4.0
2024,Singapore,2024-05-02,T49,Hudson Swafford,73,72.0,72.0,217.0,4.0
2024,Singapore,2024-05-02,T49,Lee Westwood,71,71.0,75.0,217.0,4.0
2024,Singapore,2024-05-02,T52,Anthony Kim,69,75.0,75.0,219.0,6.0
2024,Singapore,2024-05-02,T52,Pat Perez,72,76.0,71.0,219.0,6.0
2024,Singapore,2024-05-02,54,Jinichiro Kozuma,73,72.0,76.0,221.0,8.0
2024,Houston,2024-06-07,1,Carlos Ortiz,66,68.0,67.0,201.0,-15.0
2024,Houston,2024-06-07,2,Adrian Meronk,65,69.0,68.0,202.0,-14.0
2024,Houston,2024-06-07,T3,David Puig,68,66.0,69.0,203.0,-13.0
2024,Houston,2024-06-07,T3,Patrick Reed,67,68.0,68.0,203.0,-13.0
2024,Houston,2024-06-07,5,Sergio Garcia,67,70.0,68.0,205.0,-11.0
2024,Houston,2024-06-07,T6,Lucas Herbert,69,68.0,69.0,206.0,-10.0
2024,Houston,2024-06-07,T6,Anirban Lahiri,69,69.0,68.0,206.0,-10.0
2024,Houston,2024-06-07,T6,Graeme McDowell,69,68.0,69.0,206.0,-10.0
2024,Houston,2024-06-07,T9,Paul Casey,67,67.0,73.0,207.0,-9.0
2024,Houston,2024-06-07,T9,Martin Kaymer,65,72.0,70.0,207.0,-9.0
2024,Houston,2024-06-07,T9,Brooks Koepka,70,72.0,65.0,207.0,-9.0
2024,Houston,2024-06-07,T9,Cameron Tringale,70,69.0,68.0,207.0,-9.0
2024,Houston,2024-06-07,13,Dustin Johnson,67,71.0,70.0,208.0,-8.0
2024,Houston,2024-06-07,14,Matthew Wolff,69,67.0,73.0,209.0,-7.0
2024,Houston,2024-06-07,T15,Talor Gooch,73,71.0,66.0,210.0,-6.0
2024,Houston,2024-06-07,T15,Sebastian Munoz,69,71.0,70.0,210.0,-6.0
2024,Houston,2024-06-07,T15,Henrik Stenson,70,70.0,70.0,210.0,-6.0
2024,Houston,2024-06-07,T18,Dean Burmester,72,69.0,70.0,211.0,-5.0
2024,Houston,2024-06-07,T18,Bryson DeChambeau,69,70.0,72.0,211.0,-5.0
2024,Houston,2024-06-07,T18,Tyrrell Hatton,70,70.0,71.0,211.0,-5.0
2024,Houston,2024-06-07,T18,Jason Kokrak,71,66.0,74.0,211.0,-5.0
2024,Houston,2024-06-07,T18,Charl Schwartzel,70,72.0,69.0,211.0,-5.0
2024,Houston,2024-06-07,T18,Lee Westwood,69,72.0,70.0,211.0,-5.0
2024,Houston,2024-06-07,T24,Abraham Ancer,75,66.0,71.0,212.0,-4.0
2024,Houston,2024-06-07,T24,Richard Bland,74,71.0,67.0,212.0,-4.0
2024,Houston,2024-06-07,T24,John Catlin,71,70.0,71.0,212.0,-4.0
2024,Houston,2024-06-07,T24,Sam Horsfield,72,74.0,66.0,212.0,-4.0
2024,Houston,2024-06-07,T24,Marc Leishman,67,75.0,70.0,212.0,-4.0
2024,Houston,2024-06-07,T24,Kevin Na,66,72.0,74.0,212.0,-4.0
2024,Houston,2024-06-07,T24,Thomas Pieters,70,68.0,74.0,212.0,-4.0
2024,Houston,2024-06-07,T24,Kieran Vincent,70,70.0,72.0,212.0,-4.0
2024,Houston,2024-06-07,T32,Jinichiro Kozuma,70,73.0,70.0,213.0,-3.0
2024,Houston,2024-06-07,T32,Joaquin Niemann,67,69.0,77.0,213.0,-3.0
2024,Houston,2024-06-07,T32,Kalle Samooja,69,73.0,71.0,213.0,-3.0
2024,Houston,2024-06-07,T32,Caleb Surratt,65,76.0,72.0,213.0,-3.0
2024,Houston,2024-06-07,T32,Harold Varner III,70,74.0,69.0,213.0,-3.0
2024,Houston,2024-06-07,T37,Phil Mickelson,71,69.0,74.0,214.0,-2.0
2024,Houston,2024-06-07,T37,Brendan Steele,70,70.0,74.0,214.0,-2.0
2024,Houston,2024-06-07,T39,Matt Jones,68,74.0,73.0,215.0,-1.0
2024,Houston,2024-06-07,T39,Mito Pereira,70,74.0,71.0,215.0,-1.0
2024,Houston,2024-06-07,41,Eugenio Lopez-Chacarra,69,72.0,75.0,216.0,0.0
2024,Houston,2024-06-07,T42,Andy Ogletree,77,70.0,70.0,217.0,1.0
2024,Houston,2024-06-07,T42,Pat Perez,72,68.0,77.0,217.0,1.0
2024,Houston,2024-06-07,T42,Peter Uihlein,74,75.0,68.0,217.0,1.0
2024,Houston,2024-06-07,T42,Scott Vincent,73,74.0,70.0,217.0,1.0
2024,Houston,2024-06-07,T46,Ian Poulter,67,72.0,79.0,218.0,2.0
2024,Houston,2024-06-07,T46,Hudson Swafford,75,70.0,73.0,218.0,2.0
2024,Houston,2024-06-07,T48,Anthony Kim,73,76.0,71.0,220.0,4.0
2024,Houston,2024-06-07,T48,Cameron Smith,71,69.0,80.0,220.0,4.0
2024,Houston,2024-06-07,50,Danny Lee,70,72.0,79.0,221.0,5.0
2024,Houston,2024-06-07,51,Bubba Watson,75,72.0,75.0,222.0,6.0
2024,Houston,2024-06-07,52,Branden Grace,76,74.0,74.0,224.0,8.0
2024,Houston,2024-06-07,WD,Louis Oosthuizen,69,,,,
2024,Houston,2024-06-07,WD,Jon Rahm,69,,,,
2024,Nashville,2024-06-21,1,Tyrrell Hatton,65,64.0,65.0,194.0,-19.0
2024,Nashville,2024-06-21,2,Sam Horsfield,67,68.0,65.0,200.0,-13.0
2024,Nashville,2024-06-21,T3,Bryson DeChambeau,67,66.0,68.0,201.0,-12.0
2024,Nashville,2024-06-21,T3,Joaquin Niemann,70,69.0,62.0,201.0,-12.0
2024,Nashville,2024-06-21,T3,Jon Rahm,70,63.0,68.0,201.0,-12.0
2024,Nashville,2024-06-21,T3,Lee Westwood,69,66.0,66.0,201.0,-12.0
2024,Nashville,2024-06-21,T7,John Catlin,66,66.0,70.0,202.0,-11.0
2024,Nashville,2024-06-21,T7,Sebastian Munoz,67,70.0,65.0,202.0,-11.0
2024,Nashville,2024-06-21,T9,Richard Bland,70,67.0,66.0,203.0,-10.0
2024,Nashville,2024-06-21,T9,Paul Casey,70,68.0,65.0,203.0,-10.0
2024,Nashville,2024-06-21,T9,Carlos Ortiz,68,66.0,69.0,203.0,-10.0
2024,Nashville,2024-06-21,T9,Cameron Smith,69,65.0,69.0,203.0,-10.0
2024,Nashville,2024-06-21,13,Louis Oosthuizen,70,70.0,64.0,204.0,-9.0
2024,Nashville,2024-06-21,T14,Pat Perez,72,69.0,64.0,205.0,-8.0
2024,Nashville,2024-06-21,T14,Brendan Steele,71,67.0,67.0,205.0,-8.0
2024,Nashville,2024-06-21,T16,Harold Varner III,71,64.0,71.0,206.0,-7.0
2024,Nashville,2024-06-21,T16,Matthew Wolff,72,67.0,67.0,206.0,-7.0
2024,Nashville,2024-06-21,T18,Abraham Ancer,64,75.0,68.0,207.0,-6.0
2024,Nashville,2024-06-21,T18,Sergio Garcia,68,71.0,68.0,207.0,-6.0
2024,Nashville,2024-06-21,T18,Jason Kokrak,71,65.0,71.0,207.0,-6.0
2024,Nashville,2024-06-21,T18,Anirban Lahiri,70,68.0,69.0,207.0,-6.0
2024,Nashville,2024-06-21,T18,Marc Leishman,69,69.0,69.0,207.0,-6.0
2024,Nashville,2024-06-21,T18,Eugenio Lopez-Chacarra,67,70.0,70.0,207.0,-6.0
2024,Nashville,2024-06-21,T18,Kieran Vincent,71,66.0,70.0,207.0,-6.0
2024,Nashville,2024-06-21,T25,Dean Burmester,70,66.0,72.0,208.0,-5.0
2024,Nashville,2024-06-21,T25,Kevin Na,69,67.0,72.0,208.0,-5.0
2024,Nashville,2024-06-21,T25,Ian Poulter,71,67.0,70.0,208.0,-5.0
2024,Nashville,2024-06-21,T25,Charl Schwartzel,69,72.0,67.0,208.0,-5.0
2024,Nashville,2024-06-21,T25,Henrik Stenson,70,68.0,70.0,208.0,-5.0
2024,Nashville,2024-06-21,T25,Caleb Surratt,70,69.0,69.0,208.0,-5.0
2024,Nashville,2024-06-21,T25,Scott Vincent,69,67.0,72.0,208.0,-5.0
2024,Nashville,2024-06-21,T32,Adrian Meronk,73,66.0,70.0,209.0,-4.0
2024,Nashville,2024-06-21,T32,Thomas Pieters,73,68.0,68.0,209.0,-4.0
2024,Nashville,2024-06-21,T32,Patrick Reed,72,70.0,67.0,209.0,-4.0
2024,Nashville,2024-06-21,T35,Branden Grace,70,68.0,72.0,210.0,-3.0
2024,Nashville,2024-06-21,T35,Mito Pereira,69,69.0,72.0,210.0,-3.0
2024,Nashville,2024-06-21,T35,Hudson Swafford,73,67.0,70.0,210.0,-3.0
2024,Nashville,2024-06-21,T35,Cameron Tringale,74,70.0,66.0,210.0,-3.0
2024,Nashville,2024-06-21,T35,Bubba Watson,70,71.0,69.0,210.0,-3.0
2024,Nashville,2024-06-21,T40,Matt Jones,71,72.0,68.0,211.0,-2.0
2024,Nashville,2024-06-21,T40,Phil Mickelson,70,70.0,71.0,211.0,-2.0
2024,Nashville,2024-06-21,T42,Talor Gooch,71,69.0,72.0,212.0,-1.0
2024,Nashville,2024-06-21,T42,Martin Kaymer,68,70.0,74.0,212.0,-1.0
2024,Nashville,2024-06-21,T42,Brooks Koepka,69,72.0,71.0,212.0,-1.0
2024,Nashville,2024-06-21,T42,Graeme McDowell,73,68.0,71.0,212.0,-1.0
2024,Nashville,2024-06-21,T46,Anthony Kim,74,68.0,71.0,213.0,0.0
2024,Nashville,2024-06-21,T46,Jinichiro Kozuma,72,67.0,74.0,213.0,0.0
2024,Nashville,2024-06-21,48,Lucas Herbert,71,73.0,70.0,214.0,1.0
2024,Nashville,2024-06-21,49,Andy Ogletree,72,71.0,72.0,215.0,2.0
2024,Nashville,2024-06-21,50,Peter Uihlein,72,71.0,73.0,216.0,3.0
2024,Nashville,2024-06-21,T51,Dustin Johnson,72,70.0,75.0,217.0,4.0
2024,Nashville,2024-06-21,T51,David Puig,69,73.0,75.0,217.0,4.0
2024,Nashville,2024-06-21,T51,Kalle Samooja,71,77.0,69.0,217.0,4.0
2024,Nashville,2024-06-21,54,Danny Lee,75,73.0,70.0,218.0,5.0
2024,Andalucia,2024-07-12,1,Sergio Garcia,69,73.0,66.0,208.0,-5.0
2024,Andalucia,2024-07-12,2,Anirban Lahiri,69,66.0,73.0,208.0,-5.0
2024,Andalucia,2024-07-12,3,Tyrrell Hatton,72,68.0,69.0,209.0,-4.0
2024,Andalucia,2024-07-12,T4,Louis Oosthuizen,70,71.0,69.0,210.0,-3.0
2024,Andalucia,2024-07-12,T4,Patrick Reed,72,71.0,67.0,210.0,-3.0
2024,Andalucia,2024-07-12,T6,Danny Lee,67,72.0,72.0,211.0,-2.0
2024,Andalucia,2024-07-12,T6,Joaquin Niemann,74,68.0,69.0,211.0,-2.0
2024,Andalucia,2024-07-12,T6,Cameron Smith,72,71.0,68.0,211.0,-2.0
2024,Andalucia,2024-07-12,9,Bryson DeChambeau,74,67.0,71.0,212.0,-1.0
2024,Andalucia,2024-07-12,T10,Marc Leishman,76,66.0,71.0,213.0,0.0
2024,Andalucia,2024-07-12,T10,Jon Rahm,73,69.0,71.0,213.0,0.0
2024,Andalucia,2024-07-12,T12,Eugenio Lopez-Chacarra,68,72.0,74.0,214.0,1.0
2024,Andalucia,2024-07-12,T12,Lee Westwood,71,70.0,73.0,214.0,1.0
2024,Andalucia,2024-07-12,T14,Richard Bland,71,70.0,74.0,215.0,2.0
2024,Andalucia,2024-07-12,T14,Martin Kaymer,72,68.0,75.0,215.0,2.0
2024,Andalucia,2024-07-12,T14,Carlos Ortiz,72,74.0,69.0,215.0,2.0
2024,Andalucia,2024-07-12,T17,Dean Burmester,66,75.0,75.0,216.0,3.0
2024,Andalucia,2024-07-12,T17,Paul Casey,74,69.0,73.0,216.0,3.0
2024,Andalucia,2024-07-12,T17,Dustin Johnson,73,72.0,71.0,216.0,3.0
2024,Andalucia,2024-07-12,T17,Charl Schwartzel,73,72.0,71.0,216.0,3.0
2024,Andalucia,2024-07-12,T17,Scott Vincent,72,73.0,71.0,216.0,3.0
2024,Andalucia,2024-07-12,T17,Matthew Wolff,73,70.0,73.0,216.0,3.0
2024,Andalucia,2024-07-12,T23,John Catlin,75,73.0,69.0,217.0,4.0
2024,Andalucia,2024-07-12,T23,Sam Horsfield,70,74.0,73.0,217.0,4.0
2024,Andalucia,2024-07-12,T23,Sebastian Munoz,74,74.0,69.0,217.0,4.0
2024,Andalucia,2024-07-12,26,Abraham Ancer,74,72.0,72.0,218.0,5.0
2024,Andalucia,2024-07-12,T27,Brooks Koepka,75,68.0,76.0,219.0,6.0
2024,Andalucia,2024-07-12,T27,Phil Mickelson,73,72.0,74.0,219.0,6.0
2024,Andalucia,2024-07-12,T27,Pat Perez,76,70.0,73.0,219.0,6.0
2024,Andalucia,2024-07-12,T27,David Puig,81,68.0,70.0,219.0,6.0
2024,Andalucia,2024-07-12,T27,Kalle Samooja,78,72.0,69.0,219.0,6.0
2024,Andalucia,2024-07-12,T27,Brendan Steele,77,69.0,73.0,219.0,6.0
2024,Andalucia,2024-07-12,T27,Henrik Stenson,79,67.0,73.0,219.0,6.0
2024,Andalucia,2024-07-12,T27,Cameron Tringale,76,70.0,73.0,219.0,6.0
2024,Andalucia,2024-07-12,T35,Lucas Herbert,75,75.0,70.0,220.0,7.0
2024,Andalucia,2024-07-12,T35,Jason Kokrak,77,71.0,72.0,220.0,7.0
2024,Andalucia,2024-07-12,T35,Mito Pereira,73,76.0,71.0,220.0,7.0
2024,Andalucia,2024-07-12,T38,Branden Grace,78,72.0,71.0,221.0,8.0
2024,Andalucia,2024-07-12,T38,Peter Uihlein,80,76.0,65.0,221.0,8.0
2024,Andalucia,2024-07-12,T40,Jinichiro Kozuma,77,74.0,71.0,222.0,9.0
2024,Andalucia,2024-07-12,T40,Kevin Na,73,74.0,75.0,222.0,9.0
2024,Andalucia,2024-07-12,T42,Graeme McDowell,75,77.0,71.0,223.0,10.0
2024,Andalucia,2024-07-12,T42,Adrian Meronk,76,77.0,70.0,223.0,10.0
2024,Andalucia,2024-07-12,T42,Andy Ogletree,78,70.0,75.0,223.0,10.0
2024,Andalucia,2024-07-12,T45,Talor Gooch,76,77.0,72.0,225.0,12.0
2024,Andalucia,2024-07-12,T45,Matt Jones,81,71.0,73.0,225.0,12.0
2024,Andalucia,2024-07-12,T47,Ian Poulter,76,76.0,74.0,226.0,13.0
2024,Andalucia,2024-07-12,T47,Bubba Watson,79,75.0,72.0,226.0,13.0
2024,Andalucia,2024-07-12,T49,Anthony Kim,73,72.0,82.0,227.0,14.0
2024,Andalucia,2024-07-12,T49,Caleb Surratt,78,72.0,77.0,227.0,14.0
2024,Andalucia,2024-07-12,T51,Thomas Pieters,79,80.0,70.0,229.0,16.0
2024,Andalucia,2024-07-12,T51,Harold Varner III,80,77.0,72.0,229.0,16.0
2024,Andalucia,2024-07-12,T51,Kieran Vincent,77,78.0,74.0,229.0,16.0
2024,Andalucia,2024-07-12,54,Hudson Swafford,82,69.0,80.0,231.0,18.0
2024,UK,2024-07-26,1,Jon Rahm,63,70.0,67.0,200.0,-13.0
2024,UK,2024-07-26,T2,Tyrrell Hatton,66,66.0,69.0,201.0,-12.0
2024,UK,2024-07-26,T2,Joaquin Niemann,69,67.0,65.0,201.0,-12.0
2024,UK,2024-07-26,T2,Cameron Smith,66,66.0,69.0,201.0,-12.0
2024,UK,2024-07-26,5,Paul Casey,67,66.0,70.0,203.0,-10.0
2024,UK,2024-07-26,T6,Talor Gooch,68,66.0,70.0,204.0,-9.0
2024,UK,2024-07-26,T6,Andy Ogletree,65,65.0,74.0,204.0,-9.0
2024,UK,2024-07-26,T6,Louis Oosthuizen,67,67.0,70.0,204.0,-9.0
2024,UK,2024-07-26,T6,Cameron Tringale,67,70.0,67.0,204.0,-9.0
2024,UK,2024-07-26,T6,Matthew Wolff,67,68.0,69.0,204.0,-9.0
2024,UK,2024-07-26,T11,Bryson DeChambeau,73,65.0,67.0,205.0,-8.0
2024,UK,2024-07-26,T11,David Puig,69,68.0,68.0,205.0,-8.0
2024,UK,2024-07-26,T11,Charl Schwartzel,70,67.0,68.0,205.0,-8.0
2024,UK,2024-07-26,T14,Richard Bland,69,68.0,69.0,206.0,-7.0
2024,UK,2024-07-26,T14,Peter Uihlein,68,67.0,71.0,206.0,-7.0
2024,UK,2024-07-26,T16,Abraham Ancer,65,72.0,70.0,207.0,-6.0
2024,UK,2024-07-26,T16,Brooks Koepka,67,68.0,72.0,207.0,-6.0
2024,UK,2024-07-26,T16,Adrian Meronk,68,69.0,70.0,207.0,-6.0
2024,UK,2024-07-26,T16,Scott Vincent,70,66.0,71.0,207.0,-6.0
2024,UK,2024-07-26,T20,Sergio Garcia,68,70.0,70.0,208.0,-5.0
2024,UK,2024-07-26,T20,Lucas Herbert,69,72.0,67.0,208.0,-5.0
2024,UK,2024-07-26,T20,Dustin Johnson,71,69.0,68.0,208.0,-5.0
2024,UK,2024-07-26,T20,Harold Varner III,69,73.0,66.0,208.0,-5.0
2024,UK,2024-07-26,T24,Dean Burmester,68,70.0,71.0,209.0,-4.0
2024,UK,2024-07-26,T24,Matt Jones,69,73.0,67.0,209.0,-4.0
2024,UK,2024-07-26,T24,Sebastian Munoz,68,68.0,73.0,209.0,-4.0
2024,UK,2024-07-26,T27,Ian Poulter,72,68.0,70.0,210.0,-3.0
2024,UK,2024-07-26,T27,Patrick Reed,72,68.0,70.0,210.0,-3.0
2024,UK,2024-07-26,T29,Jason Kokrak,69,69.0,73.0,211.0,-2.0
2024,UK,2024-07-26,T29,Graeme McDowell,67,74.0,70.0,211.0,-2.0
2024,UK,2024-07-26,T29,Carlos Ortiz,71,67.0,73.0,211.0,-2.0
2024,UK,2024-07-26,T29,Thomas Pieters,70,73.0,68.0,211.0,-2.0
2024,UK,2024-07-26,33,Jinichiro Kozuma,73,69.0,70.0,212.0,-1.0
2024,UK,2024-07-26,T34,John Catlin,72,71.0,70.0,213.0,0.0
2024,UK,2024-07-26,T34,Sam Horsfield,67,70.0,76.0,213.0,0.0
2024,UK,2024-07-26,T34,Phil Mickelson,70,72.0,71.0,213.0,0.0
2024,UK,2024-07-26,T34,Mito Pereira,70,70.0,73.0,213.0,0.0
2024,UK,2024-07-26,T34,Kalle Samooja,71,68.0,74.0,213.0,0.0
2024,UK,2024-07-26,T39,Anirban Lahiri,69,72.0,73.0,214.0,1.0
2024,UK,2024-07-26,T39,Bubba Watson,69,72.0,73.0,214.0,1.0
2024,UK,2024-07-26,T41,Eugenio Lopez-Chacarra,72,70.0,73.0,215.0,2.0
2024,UK,2024-07-26,T41,Kevin Na,70,70.0,75.0,215.0,2.0
2024,UK,2024-07-26,T41,Henrik Stenson,70,69.0,76.0,215.0,2.0
2024,UK,2024-07-26,T41,Caleb Surratt,76,68.0,71.0,215.0,2.0
2024,UK,2024-07-26,T41,Kieran Vincent,72,71.0,72.0,215.0,2.0
2024,UK,2024-07-26,T46,Anthony Kim,76,69.0,71.0,216.0,3.0
2024,UK,2024-07-26,T46,Brendan Steele,71,74.0,71.0,216.0,3.0
2024,UK,2024-07-26,T46,Lee Westwood,72,73.0,71.0,216.0,3.0
2024,UK,2024-07-26,49,Martin Kaymer,72,72.0,73.0,217.0,4.0
2024,UK,2024-07-26,50,Danny Lee,73,71.0,74.0,218.0,5.0
2024,UK,2024-07-26,51,Branden Grace,76,70.0,73.0,219.0,6.0
2024,UK,2024-07-26,52,Pat Perez,76,69.0,76.0,221.0,8.0
2024,UK,2024-07-26,53,Hudson Swafford,71,74.0,79.0,224.0,11.0
2024,Greenbrier,2024-08-16,1,Brooks Koepka,64,64.0,63.0,191.0,-19.0
2024,Greenbrier,2024-08-16,2,Jon Rahm,64,62.0,65.0,191.0,-19.0
2024,Greenbrier,2024-08-16,3,Jason Kokrak,63,66.0,63.0,192.0,-18.0
2024,Greenbrier,2024-08-16,T4,Richard Bland,64,64.0,65.0,193.0,-17.0
2024,Greenbrier,2024-08-16,T4,Marc Leishman,65,64.0,64.0,193.0,-17.0
2024,Greenbrier,2024-08-16,T6,Lucas Herbert,65,63.0,67.0,195.0,-15.0
2024,Greenbrier,2024-08-16,T6,Sebastian Munoz,63,66.0,66.0,195.0,-15.0
2024,Greenbrier,2024-08-16,T8,Sergio Garcia,67,63.0,66.0,196.0,-14.0
2024,Greenbrier,2024-08-16,T8,Louis Oosthuizen,70,66.0,60.0,196.0,-14.0
2024,Greenbrier,2024-08-16,T8,Cameron Smith,66,63.0,67.0,196.0,-14.0
2024,Greenbrier,2024-08-16,T11,Talor Gooch,63,65.0,69.0,197.0,-13.0
2024,Greenbrier,2024-08-16,T11,Cameron Tringale,67,67.0,63.0,197.0,-13.0
2024,Greenbrier,2024-08-16,T13,Abraham Ancer,66,64.0,68.0,198.0,-12.0
2024,Greenbrier,2024-08-16,T13,David Puig,68,65.0,65.0,198.0,-12.0
2024,Greenbrier,2024-08-16,T15,Bryson DeChambeau,68,65.0,66.0,199.0,-11.0
2024,Greenbrier,2024-08-16,T15,Danny Lee,68,66.0,65.0,199.0,-11.0
2024,Greenbrier,2024-08-16,T15,Joaquin Niemann,67,67.0,65.0,199.0,-11.0
2024,Greenbrier,2024-08-16,T15,Patrick Reed,70,66.0,63.0,199.0,-11.0
2024,Greenbrier,2024-08-16,T15,Caleb Surratt,65,67.0,67.0,199.0,-11.0
2024,Greenbrier,2024-08-16,T20,Branden Grace,68,68.0,64.0,200.0,-10.0
2024,Greenbrier,2024-08-16,T20,Matt Jones,64,68.0,68.0,200.0,-10.0
2024,Greenbrier,2024-08-16,T20,Jinichiro Kozuma,66,67.0,67.0,200.0,-10.0
2024,Greenbrier,2024-08-16,T20,Thomas Pieters,71,65.0,64.0,200.0,-10.0
2024,Greenbrier,2024-08-16,T20,Peter Uihlein,68,67.0,65.0,200.0,-10.0
2024,Greenbrier,2024-08-16,T25,Tyrrell Hatton,65,67.0,69.0,201.0,-9.0
2024,Greenbrier,2024-08-16,T25,Brendan Steele,68,66.0,67.0,201.0,-9.0
2024,Greenbrier,2024-08-16,T25,Scott Vincent,65,68.0,68.0,201.0,-9.0
2024,Greenbrier,2024-08-16,T28,Paul Casey,68,66.0,68.0,202.0,-8.0
2024,Greenbrier,2024-08-16,T28,Eugenio Lopez-Chacarra,68,66.0,68.0,202.0,-8.0
2024,Greenbrier,2024-08-16,T28,Mito Pereira,66,65.0,71.0,202.0,-8.0
2024,Greenbrier,2024-08-16,T28,Henrik Stenson,66,68.0,68.0,202.0,-8.0
2024,Greenbrier,2024-08-16,T28,Bubba Watson,73,63.0,66.0,202.0,-8.0
2024,Greenbrier,2024-08-16,T33,Dustin Johnson,70,67.0,66.0,203.0,-7.0
2024,Greenbrier,2024-08-16,T33,Andy Ogletree,70,66.0,67.0,203.0,-7.0
2024,Greenbrier,2024-08-16,T33,Matthew Wolff,68,68.0,67.0,203.0,-7.0
2024,Greenbrier,2024-08-16,36,Anthony Kim,69,70.0,65.0,204.0,-6.0
2024,Greenbrier,2024-08-16,T37,Dean Burmester,68,68.0,69.0,205.0,-5.0
2024,Greenbrier,2024-08-16,T37,Ben Campbell,71,65.0,69.0,205.0,-5.0
2024,Greenbrier,2024-08-16,T37,John Catlin,66,72.0,67.0,205.0,-5.0
2024,Greenbrier,2024-08-16,T37,Charles Howell III,71,64.0,70.0,205.0,-5.0
2024,Greenbrier,2024-08-16,T37,Kieran Vincent,71,67.0,67.0,205.0,-5.0
2024,Greenbrier,2024-08-16,T42,Martin Kaymer,68,70.0,68.0,206.0,-4.0
2024,Greenbrier,2024-08-16,T42,Anirban Lahiri,70,71.0,65.0,206.0,-4.0
2024,Greenbrier,2024-08-16,T42,Adrian Meronk,66,72.0,68.0,206.0,-4.0
2024,Greenbrier,2024-08-16,T42,Carlos Ortiz,71,65.0,70.0,206.0,-4.0
2024,Greenbrier,2024-08-16,T42,Pat Perez,68,69.0,69.0,206.0,-4.0
2024,Greenbrier,2024-08-16,T47,Harold Varner III,70,72.0,65.0,207.0,-3.0
2024,Greenbrier,2024-08-16,T47,Lee Westwood,69,72.0,66.0,207.0,-3.0
2024,Greenbrier,2024-08-16,49,Kevin Na,70,69.0,69.0,208.0,-2.0
2024,Greenbrier,2024-08-16,50,Phil Mickelson,67,68.0,75.0,210.0,0.0
2024,Greenbrier,2024-08-16,51,Charl Schwartzel,72,67.0,72.0,211.0,1.0
2024,Greenbrier,2024-08-16,52,Ian Poulter,71,72.0,69.0,212.0,2.0
2024,Greenbrier,2024-08-16,53,Kalle Samooja,70,72.0,72.0,214.0,4.0
2024,Greenbrier,2024-08-16,54,Hudson Swafford,73,72.0,73.0,218.0,8.0
2024,Chicago,2024-09-13,1,Jon Rahm,69,64.0,66.0,199.0,-11.0
2024,Chicago,2024-09-13,T2,Sergio Garcia,69,65.0,68.0,202.0,-8.0
2024,Chicago,2024-09-13,T2,Joaquin Niemann,68,68.0,66.0,202.0,-8.0
2024,Chicago,2024-09-13,4,Tyrrell Hatton,73,65.0,65.0,203.0,-7.0
2024,Chicago,2024-09-13,5,Ian Poulter,68,68.0,68.0,204.0,-6.0
2024,Chicago,2024-09-13,T6,Bryson DeChambeau,68,69.0,68.0,205.0,-5.0
2024,Chicago,2024-09-13,T6,Lucas Herbert,68,69.0,68.0,205.0,-5.0
2024,Chicago,2024-09-13,T6,Brooks Koepka,62,73.0,70.0,205.0,-5.0
2024,Chicago,2024-09-13,T6,Anirban Lahiri,67,71.0,67.0,205.0,-5.0
2024,Chicago,2024-09-13,T6,Henrik Stenson,68,71.0,66.0,205.0,-5.0
2024,Chicago,2024-09-13,T11,Abraham Ancer,69,70.0,67.0,206.0,-4.0
2024,Chicago,2024-09-13,T11,Thomas Pieters,69,69.0,68.0,206.0,-4.0
2024,Chicago,2024-09-13,T13,Paul Casey,66,71.0,70.0,207.0,-3.0
2024,Chicago,2024-09-13,T13,Harold Varner III,69,71.0,67.0,207.0,-3.0
2024,Chicago,2024-09-13,T15,Richard Bland,71,68.0,69.0,208.0,-2.0
2024,Chicago,2024-09-13,T15,Talor Gooch,71,70.0,67.0,208.0,-2.0
2024,Chicago,2024-09-13,T15,Jinichiro Kozuma,71,70.0,67.0,208.0,-2.0
2024,Chicago,2024-09-13,T15,Kalle Samooja,71,66.0,71.0,208.0,-2.0
2024,Chicago,2024-09-13,T15,Peter Uihlein,69,72.0,67.0,208.0,-2.0
2024,Chicago,2024-09-13,T20,Sebastian Munoz,72,70.0,67.0,209.0,-1.0
2024,Chicago,2024-09-13,T20,Carlos Ortiz,71,67.0,71.0,209.0,-1.0
2024,Chicago,2024-09-13,T20,David Puig,71,71.0,67.0,209.0,-1.0
2024,Chicago,2024-09-13,T23,Matt Jones,71,72.0,67.0,210.0,0.0
2024,Chicago,2024-09-13,T23,Graeme McDowell,72,72.0,66.0,210.0,0.0
2024,Chicago,2024-09-13,T23,Adrian Meronk,71,65.0,74.0,210.0,0.0
2024,Chicago,2024-09-13,T23,Phil Mickelson,75,68.0,67.0,210.0,0.0
2024,Chicago,2024-09-13,T23,Kevin Na,72,70.0,68.0,210.0,0.0
2024,Chicago,2024-09-13,T23,Kieran Vincent,75,69.0,66.0,210.0,0.0
2024,Chicago,2024-09-13,T23,Scott Vincent,71,71.0,68.0,210.0,0.0
2024,Chicago,2024-09-13,T30,Danny Lee,73,68.0,70.0,211.0,1.0
2024,Chicago,2024-09-13,T30,Louis Oosthuizen,69,73.0,69.0,211.0,1.0
2024,Chicago,2024-09-13,T30,Patrick Reed,68,74.0,69.0,211.0,1.0
2024,Chicago,2024-09-13,T30,Brendan Steele,73,70.0,68.0,211.0,1.0
2024,Chicago,2024-09-13,T34,Branden Grace,71,73.0,68.0,212.0,2.0
2024,Chicago,2024-09-13,T34,Sam Horsfield,73,69.0,70.0,212.0,2.0
2024,Chicago,2024-09-13,T34,Dustin Johnson,68,69.0,75.0,212.0,2.0
2024,Chicago,2024-09-13,T34,Martin Kaymer,69,75.0,68.0,212.0,2.0
2024,Chicago,2024-09-13,T34,Marc Leishman,74,70.0,68.0,212.0,2.0
2024,Chicago,2024-09-13,T34,Cameron Tringale,75,73.0,64.0,212.0,2.0
2024,Chicago,2024-09-13,T40,Eugenio Lopez-Chacarra,70,71.0,72.0,213.0,3.0
2024,Chicago,2024-09-13,T40,Andy Ogletree,72,72.0,69.0,213.0,3.0
2024,Chicago,2024-09-13,T42,Dean Burmester,70,71.0,73.0,214.0,4.0
2024,Chicago,2024-09-13,T42,Charles Howell III,74,69.0,71.0,214.0,4.0
2024,Chicago,2024-09-13,T42,Anthony Kim,71,73.0,70.0,214.0,4.0
2024,Chicago,2024-09-13,T42,Charl Schwartzel,72,68.0,74.0,214.0,4.0
2024,Chicago,2024-09-13,T42,Bubba Watson,73,76.0,65.0,214.0,4.0
2024,Chicago,2024-09-13,T47,Mito Pereira,73,71.0,71.0,215.0,5.0
2024,Chicago,2024-09-13,T47,Pat Perez,74,73.0,68.0,215.0,5.0
2024,Chicago,2024-09-13,T47,Lee Westwood,71,74.0,70.0,215.0,5.0
2024,Chicago,2024-09-13,T47,Matthew Wolff,76,72.0,67.0,215.0,5.0
2024,Chicago,2024-09-13,51,Jason Kokrak,73,73.0,70.0,216.0,6.0
2024,Chicago,2024-09-13,52,Cameron Smith,73,73.0,74.0,220.0,10.0
2024,Chicago,2024-09-13,53,Hudson Swafford,78,78.0,67.0,223.0,13.0
2024,Chicago,2024-09-13,54,Caleb Surratt,80,73.0,75.0,228.0,18.0
